head,tail,sentence,time,head_code,tail_code,label,relation,src
平安银行,中国银行,【银行函证区块链服务平台投入应用】近日由大华会计师事务所（特殊普通合伙）发起、平安银行回函的4笔全流程自动化电子函证成功落地，标志着中国银行业协会银行函证区块链服务平台正式投入实际业务应用，为2022年审计高峰季电子函证的大规模推广应用奠定了坚实基础,2021-12-10 09:50:20,000001.SZ,601988,1,同行,eastmoney
万科A,世茂股份,物业管理板块持续拉升，招商积余涨超5%，力合科创、万科A、世茂股份、保利发展跟涨,2021-12-09 09:46:00,000002.SZ,600823.SH,1,同涨,10jqka
神州高铁,新华联,涨停股中，从收盘涨停板封单量来看，神州高铁最受追捧，收盘涨停板封单有3132.87万股；其次是太阳能、新华联等，涨停板封单分别有2356.52万股、1934.72万股,2021-12-23 15:25:47,000008.SZ,000620.SZ,1,同涨,yuncaijing
中兴通讯,上海银行,近日，中兴通讯与上海银行股份有限公司在深圳签署战略合作协议,2021-11-23 14:12:00,000063.SZ,601229.SH,1,合作,10jqka
申万宏源,宏源证券,申万宏源公告，公司所属申万宏源证券有限公司近日收到中国证监会《关于同意申万宏源证券有限公司向专业投资者公开发行公司债券注册的批复》,2021-12-15 18:26:00,000166.SZ,000562.SZ,0,上级,eastmoney
潍柴动力,中国重汽,云财经讯，1月14日，上海交大、潍柴动力、中国重汽未来商用车创新联合研究中心签约及揭牌仪式在济南举行,2022-01-14 20:25:48,000338.SZ,000951.SZ,1,合作,10jqka
潍柴动力,中国重汽,1月14日，上海交大、潍柴动力、中国重汽未来商用车创新联合研究中心签约及揭牌仪式在济南举行,2022-01-14 20:26:00,000338.SZ,000951.SZ,0,合作,eastmoney
民生控股,泛海控股,云财经讯，民生控股公告，董事会同意将持有的泛海控股股份有限公司境外附属公司泛海控股国际发展第三有限公司发行的美元债372万份(面值372万美元)向香港市场之独立第三方转让，转让价格不低于票面价值的78%(含78%)，具体事宜授权公司管理层负责实施,2022-02-13 17:23:26,000416.SZ,000046.SZ,0,未知Unknown,10jqka
丽珠集团,健康元,【丽珠集团解析新冠疫苗研发重大进展：序贯加强免疫效果好】日前，健康元(600380)和旗下控股的上市公司丽珠集团(000513)双双发布公告称，公司控股附属公司珠海市丽珠单抗生物技术有限公司与中国科学院生物物理研究所合作研发的“重组新型冠状病毒融合蛋白疫苗”(简称“V-01”)已完成序贯加强Ⅲ期临床试验的中期主数据分析，并获得了关键性数据,2022-02-20 18:09:58,000513.SZ,600380.SH,0,上级,yuncaijing
渝开发,金地集团,物业管理板块走强，渝开发涨停，金地集团、保利发展、招商积余跟涨,2021-12-20 09:36:50,000514.SZ,600383.SH,1,同涨,10jqka
岭南控股,九华旅游,景点及旅游板块持续下挫，雪松发展跌近8%，岭南控股、长白山、九华旅游跟跌,2022-02-11 14:17:55,000524.SZ,603199.SH,1,同跌,yuncaijing
靖远煤电,远兴能源,煤炭概念午后持续走弱，靖远煤电跌超6%，远兴能源、山西焦煤、晋控煤业跟跌,2022-01-14 13:06:00,000552.SZ,000683.SZ,1,同跌,eastmoney
泸州老窖,贵州茅台,整体来看，消费股再次成为公募基金青睐的投资方向，基金对于泸州老窖、贵州茅台的持股市值增加最多；医药股则成为公募基金减持的主要方向,2022-01-25 07:21:00,000568.SZ,600519.SH,1,同行,yuncaijing
长春高新,海尔生物,Wind数据显示，仅12月就有6只医药主题基金计划发行，此前遭遇重挫的个股重新回到基金经理视野，葛兰四季度大幅加仓长春高新，海尔生物等个股,2021-12-06 06:37:15,000661.SZ,688139.SH,0,未知Unknown,eastmoney
智度股份,国光电器,云财经讯，智度股份消息，日前，智度股份与国光电器共同投资设立元宇宙合资公司广州智度宇宙技术有限公司，该公司打造的国内首个艺术元宇宙社区——“Meta彼岸”，将于2月18号开启内测,2022-02-18 11:28:28,000676.SZ,002045.SZ,1,合作,yuncaijing
京东方,中兴通讯,据悉，共有13家中国企业进入全球PCT国际专利申请人排行榜前50位，包括华为、OPPO、京东方、中兴通讯、vivo、大疆、腾讯、小米等,2022-02-12 19:20:00,000725.SZ,000063.SZ,1,同行,eastmoney
京东方,东方集团,云财经讯，据合肥日报15日消息，12月14日下午，安徽省委常委、合肥市委书记虞爱华赴京与京东方集团董事长陈炎顺等商谈合作,2021-12-15 13:10:06,000725.SZ,600811.SH,1,合作,yuncaijing
新华制药,君实生物,港股抗疫概念股走低，歌礼制药跌超7%，山东新华制药股份跌近6%，君实生物、石药集团、腾盛博药、中国中药跌近4%，四环医药跌超3%,2022-02-22 09:51:00,000756.SZ,688180,1,同跌,yuncaijing
西藏矿业,久吾高科,盐湖提锂板块下挫，藏格矿业跌超5%，西藏矿业、沃顿科技、久吾高科跟跌,2021-12-30 10:27:34,000762.SZ,300631.SZ,1,同跌,eastmoney
广发证券,长江证券,【券商高管开年迎变动：广发证券新副董事长上任，长江证券内部提拔新副总裁】虎年开年伊始，券商已迎来一批重要人事变动！这背后或将酝酿业务的变阵,2022-02-12 10:10:37,000776.SZ,000783.SZ,1,同行,yuncaijing
云铝股份,中国铝业,【云铝股份披露定增结果：中国铝业获配约3.2亿元】云铝股份12月26日晚间公告披露定增结果，本次发行股份约3.4亿股，定增发行价格为8.83元/股，募集资金总额约为30亿元，其中，中央企业乡村产业投资基金股份有限公司获配约5亿元，中国铝业获配约3.2亿元,2021-12-26 18:29:44,000807.SZ,601600.SH,1,被增持,yuncaijing
启迪环境,绿茵生态,指数午后开盘急挫，随后震荡盘整，钴、锂电池、贵金属等多板块持续活跃，环保概念全天涨幅居前，启迪环境、绿茵生态等10股涨停，机场航运、教育板块延续弱势，景点及旅游全天领跌，三市个股跌多涨少，涨停股近60家，赚钱效应一般,2022-02-17 15:00:00,000826.SZ,002887.SZ,1,同涨,10jqka
中嘉博创,吴通控股,通信服务板块开盘走强，中嘉博创涨停，梦网科技、吴通控股、线上线下跟涨,2021-12-08 09:30:00,000889.SZ,300292.SZ,1,同涨,yuncaijing
嘉凯城,中信证券,【嘉凯城：广州凯隆拟被动减持不超6%股份】嘉凯城公告，公司持股5%以上股东广州凯隆与中信证券开展股票质押式回购交易业务，该业务已到期且债务未偿还完毕，广州凯隆所持公司股份存在因平仓导致被动减持的风险，拟计划通过集中竞价交易、大宗交易等方式减持公司股份合计不超过1.08亿股（占公司总股本的6%）,2021-12-29 20:05:07,000918.SZ,600030.SH,1,被减持,10jqka
海信家电,海尔智家,港股家电板块走低，海信家电跌近6%，JS环球生活跌超4%，TCL电子、海尔智家跌超2%,2021-12-29 13:05:00,000921.SZ,600690.SH,1,同跌,eastmoney
冀中能源,华北制药,【中国首个重组全人源抗狂犬病毒单克隆抗体投放市场】河北省首个获批上市的一类生物药——奥木替韦单抗注射液，经过冀中能源集团所属子公司华北制药17年研发，2月12日正式上市发布,2022-02-12 11:18:56,000937.SZ,600812.SH,1,上级,yuncaijing
中国重汽,中联重科,港股重型机械股走高，中国重汽涨超16%，中联重科涨超5%，第一拖拉机股份涨近4%,2021-12-13 09:59:00,000951.SZ,000157.SZ,1,同涨,10jqka
中国重汽,中联重科,港股重型机械股走高，中国重汽(03808.HK)涨超7%，中联重科(01157.HK)涨超4%，中国龙工(03339.HK)跟涨,2022-01-06 13:40:26,000951.SZ,000157.SZ,1,同涨,10jqka
中国重汽,中联重科,港股重型机械股走高，中国重汽涨近5%，中国龙工涨超2%，中联重科涨近2%,2022-01-07 10:32:00,000951.SZ,000157.SZ,1,同涨,10jqka
中国重汽,海螺水泥,建材水泥股、工程基建股大涨，中国重汽飙涨逾22%，中国建材、海螺水泥均涨超6%,2021-12-13 12:06:54,000951.SZ,600585,1,同涨,10jqka
锡业股份,罗平锌电,有色金属板块中，锡业股份、罗平锌电等公司相继发布2021年业绩预告,2022-01-27 02:23:33,000960.SZ,002114.SZ,1,同行,10jqka
盈峰环境,中联重科,【盈峰环境：全资子公司中标两个项目合计约6.56亿元】盈峰环境公告，全资子公司长沙中联重科环境产业有限公司收到两个项目的中标合作通知，中标总额预计为6.56亿元,2021-12-16 16:18:15,000967.SZ,000157.SZ,0,供应,yuncaijing
安泰科技,北方稀土,安泰科技在互动平台表示，公司目前稀土永磁制品产能5500吨，今年公司与北方稀土组建合资公司，“十四五”将建设万吨级的高端稀土永磁制品产业项目,2021-12-07 13:48:00,000969.SZ,600111.SH,1,合作,yuncaijing
华铁股份,山东高速,华铁股份公告，公司与山东高速集团有限公司签署战略合作协议，双方同意在山东高速集团权属企业负责运营管理的178对高速公路服务区及未来新建高速公路服务区（含停车区）内就给水卫生系统相关业务探索合作,2021-12-01 18:45:00,000976.SZ,600350.SH,1,合作,10jqka
华邦健康,凯盛新材,云财经讯，华邦健康(002004)在互动平台表示，公司控股子公司凯盛新材是全球最大氯化亚砜生产企业，年产能15万吨，在动力电池领域中，氯化亚砜可以作为生产双氟磺酰亚胺锂（LiFSI）的原料,2021-11-26 15:14:43,002004.SZ,301069,1,上级,eastmoney
华邦健康,凯盛新材,华邦健康在互动平台表示，公司控股子公司凯盛新材是全球最大氯化亚砜生产企业，年产能15万吨，在动力电池领域中，氯化亚砜可以作为生产双氟磺酰亚胺锂（LiFSI）的原料,2021-11-26 15:15:00,002004.SZ,301069,0,上级,eastmoney
精功科技,吉林化纤,精功科技：公司与吉林化纤正式签署编号为GFTHX211228的《碳化线装置购销合同》，合同总金额为6.80亿元，公司将向吉林化纤提供4条碳纤维生产线,2021-12-28 17:38:46,002006.SZ,000420.SZ,1,合作,eastmoney
协鑫能科,智慧能源,协鑫能科：公司拟以自有资金对全资子公司协鑫智慧能源（苏州）有限公司现金增资24亿元，本次增资完成后，协鑫智慧能源注册资本由36亿元变更为60亿元,2021-12-08 17:13:44,002015.SZ,600869.SH,1,上级,yuncaijing
分众传媒,爱尔眼科,成分股中，前期不佳的中国中免、分众传媒、爱尔眼科都涨超5%,2021-12-09 10:43:39,002027.SZ,300015.SZ,1,同涨,eastmoney
黔源电力,中闽能源,电力板块持续下挫，黔源电力跌超8%，中闽能源、晋控电力、金开新能跟跌,2021-12-20 10:06:00,002039.SZ,600163.SH,1,同跌,eastmoney
紫光国微,攀钢钒钛,与此同时，近五个交易日登陆沪深两市的龙虎榜个股中，营业部净买入较大的个股有中国移动、紫光国微、攀钢钒钛,2022-01-07 10:08:32,002049.SZ,000629.SZ,0,未知Unknown,eastmoney
云南旅游,桂林旅游,景点及旅游板块异动拉升，云南旅游涨停，长白山、桂林旅游、丽江股份跟涨,2021-12-21 09:38:00,002059.SZ,000978.SZ,1,同涨,yuncaijing
粤水电,建科院,云财经讯，粤水电：建工控股同意将建工集团持有的水电集团100%股权、水电集团持有的公司36.48%股份、建工集团及机施公司合计持有的73.62%建科院股份无偿划转至建工控股,2021-12-07 19:38:18,002060.SZ,300675.SZ,1,未知Unknown,10jqka
黑猫股份,联创股份,云财经讯，黑猫股份：拟与联创股份共同出资在内蒙古乌海市设立“内蒙古联和氟碳新材料有限公司”，注册资本拟定为5亿元，公司认缴出资额1亿元,2022-01-21 17:56:57,002068.SZ,300343.SZ,1,合作,10jqka
国轩高科,长城汽车,【国轩高科：与长城汽车零部件公司签订不低于10GWh采购协议】国轩高科公告，全资子公司合肥国轩与长城汽车零部件公司于近日签署了《2022年采购框架合作协议》,2021-11-22 19:38:31,002074.SZ,601633.SH,1,合作,yuncaijing
太阳纸业,晨鸣纸业,为保障供应链稳定，太阳纸业、晨鸣纸业等上市公司纷纷通过开辟多元化纸浆来源，积极扩大林地建设等方式应对,2022-01-21 06:59:29,002078.SZ,000488.SZ,1,同行,yuncaijing
太阳纸业,晨鸣纸业,为保障供应链稳定，太阳纸业、晨鸣纸业等上市公司纷纷通过开辟多元化纸浆来源，积极扩大林地建设等方式应对,2022-01-21 06:59:29,002078.SZ,000488.SZ,0,同行,10jqka
万丰奥威,比亚迪,云财经讯，12月21日电，万丰奥威在互动平台表示，公司和比亚迪合作主要为供应铝合金轮毂，目前配套比例40%以上，合作良好，子公司重庆万丰在2021年度比亚迪新能源汽车核心供应商大会上荣获年度最佳合作伙伴,2021-12-21 09:42:43,002085.SZ,002594.SZ,0,合作,yuncaijing
国脉科技,吉大通信,通信服务板块午后持续走高，中国移动、国脉科技此前涨停，吉大通信、广脉科技跟涨,2022-02-09 13:09:00,002093.SZ,300597.SZ,1,同涨,10jqka
天邦股份,金新农,但这两日，上市猪企股价却表现不错，2月9日猪产业指数上涨4.22%，天邦股份、巨星农牧、金新农涨停,2022-02-11 08:50:00,002124.SZ,002548.SZ,1,同涨,eastmoney
正邦科技,新希望,【养猪不易！2021年有5家把过去三年的盈利全亏完了…】1月29日晚间，正邦科技、新希望等猪企发布年度业绩预报，正邦科技净利预亏182亿元-197亿元，新希望预亏86亿元-96亿元，可见养猪巨头2021年亏损的惨烈程度,2022-01-31 08:58:17,002157.SZ,876,1,同行,10jqka
智光电气,文山电力,【一则消息催动储能板块大涨：广东储能、抽水蓄能辅助服务纳入电价】截至12月8日收盘，智光电气、文山电力等储能概念股收于涨停,2021-12-08 22:14:38,002169.SZ,600995.SH,1,同涨,eastmoney
御银股份,海联金汇,指数早盘震荡回升，沪指涨0.4%，猪肉、中药、元宇宙等多板块活跃，通信巨头中国移动盘中罕见涨停，数字货币板块领涨，御银股份、海联金汇等超10股涨停，燃气、油气开采、厨卫电器板块相对弱势，三市个股涨多跌少，炸板率中性，赚钱效应较强,2022-02-09 11:30:00,002177.SZ,002537.SZ,1,同涨,10jqka
证通电子,安妮股份,以封单金额计算，证通电子、安妮股份、汇通集团等涨停板封单资金较多，分别有4.95亿元、1.22亿元、1.02亿元,2022-01-25 15:24:21,002197.SZ,002235.SZ,1,同涨,eastmoney
证通电子,永兴材料,以封单金额计算，证通电子、永兴材料、汇通集团等涨停板封单资金较多，分别有2.68亿元、2.65亿元、2.25亿元,2022-01-24 15:29:21,002197.SZ,002756.SZ,1,同涨,eastmoney
金风科技,东方电气,港股风电板块走低，龙源电力、大唐新能源跌近4%，新天绿色能源跌近3%，金风科技跌近2%，华润电力、东方电气跟跌,2022-01-21 11:13:00,002202.SZ,600875.SH,1,同跌,10jqka
国统股份,安徽水利,【国统股份：中标安徽水利龙河口引水工程管件采购工程】国统股份(002205)11月30日晚间公告，公司收到安徽水利招标中心、安徽水利开发有限公司第一工程分公司发来的中标通知书，确定公司为安徽水利龙河口引水工程Ⅰ标段PCCP管及管配件采购工程的中标单位，中标金额约8904万元，占公司2020年度营业总收入的10.22%,2021-11-30 17:12:12,002205.SZ,600502.SH,1,供应,yuncaijing
海陆重工,中国石化,云财经讯，近日，由苏州海陆重工股份有限公司承制的中国石化海南炼油化工有限公司的280万吨/年重油催化裂化装置的2台补燃式CO余热锅炉模块开始陆续发运,2022-01-05 10:47:43,002255.SZ,600028.SH,1,供应,eastmoney
西仪股份,德赛电池,以封单金额计算，西仪股份、物产环能、德赛电池等涨停板封单资金较多，分别有17.92亿元、2.96亿元、2.31亿元,2021-12-17 15:26:55,002265.SZ,000049.SZ,1,同涨,eastmoney
西仪股份,中装建设,涨停股中，从收盘涨停板封单量来看，西仪股份最受追捧，收盘涨停板封单有8282.71万股；其次是太平洋、中装建设等，涨停板封单分别有4962.29万股、4908.49万股,2021-12-21 15:22:18,002265.SZ,002822.SZ,1,同涨,yuncaijing
西仪股份,宣亚国际,以封单金额计算，西仪股份、宣亚国际、中锐股份等涨停板封单资金较多，分别有3.52亿元、1.88亿元、1.65亿元,2021-12-14 15:37:26,002265.SZ,300612.SZ,1,同涨,10jqka
西仪股份,内蒙华电,涨停股中，从收盘涨停板封单量来看，西仪股份最受追捧，收盘涨停板封单有8297.02万股；其次是金山股份、内蒙华电等，涨停板封单分别有3044.14万股、3014.44万股,2021-12-17 15:28:57,002265.SZ,600863.SH,1,同涨,eastmoney
西仪股份,内蒙华电,涨停股中，从收盘涨停板封单量来看，西仪股份最受追捧，收盘涨停板封单有8297.02万股；其次是金山股份、内蒙华电等，涨停板封单分别有3044.14万股、3014.44万股,2021-12-17 15:28:57,002265.SZ,600863.SH,0,同涨,10jqka
卫士通,世纪华通,云财经讯，卫士通(002268)1月12日晚间披露与世纪华通战略合作进展公告，近日，卫士通与世纪华通孙公司盛趣公司签署《个人信息安全合规服务项目委托服务合同》，卫士通将为盛趣公司提供个人信息安全合规服务，保障盛趣公司能够建立并维持个人信息安全合规体系，服务期限为三年，合同总金额1.2亿元（含税）,2022-01-12 19:31:21,002268.SZ,002602.SZ,1,合作,eastmoney
亚太股份,长城汽车,云财经讯，亚太股份：收到长城汽车的新产品开发通知书，公司将作为长城汽车的零部件开发和生产供应商，开发和生产B07车型的前制动钳总成产品,2021-12-27 15:53:35,002284.SZ,601633.SH,1,供应,yuncaijing
中利集团,上海电力,云财经讯，中利集团：与上海电力签订《全面战略合作协议》，双方拟将光伏发电产业投资、能源科技创新作为重点，开展多层次、全方位的深度合作，规划在十四五期间争取完成不少于1GW光伏电站项目合作,2022-02-07 18:51:56,002309.SZ,600021.SH,1,合作,10jqka
中利集团,上海电力,【中利集团：与上海电力签订《全面战略合作协议》】中利集团公告，与上海电力签订《全面战略合作协议》，双方拟将光伏发电产业投资、能源科技创新作为重点，开展多层次、全方位的深度合作，规划在十四五期间争取完成不少于1GW光伏电站项目合作,2022-02-07 18:55:09,002309.SZ,600021.SH,0,合作,yuncaijing
日海智能,波导股份,杨涛表示，未来日海智能将在无线通讯模组项目上与波导股份开展更加深入和紧密的合作，实现优势互补、合作共赢,2022-01-06 11:12:21,002313.SZ,600130.SH,1,合作,yuncaijing
日海智能,波导股份,杨涛表示，未来日海智能将在无线通讯模组项目上与波导股份开展更加深入和紧密的合作，实现优...,2022-01-06 11:13:00,002313.SZ,600130.SH,0,合作,yuncaijing
章源钨业,厦门钨业,此外，章源钨业、江钨集团和厦门钨业不同产品价格也有小幅上调,2022-01-06 10:26:08,002378.SZ,600549.SH,1,同行,eastmoney
大北农,登海种业,建议关注种业板块，推荐具备生物育种研发优势的大北农、具备优质种质资源和品种资源的杂交玉米种业龙头登海种业,2022-02-23 08:35:35,2385,002041.SZ,1,同行,eastmoney
大北农,登海种业,建议关注种业板块，推荐具备生物育种研发优势的大北农、具备优质种质资源和品种资源的杂交玉米种业龙头登海种业,2022-02-23 08:35:35,2385,002041.SZ,0,同行,eastmoney
星网锐捷,建设银行,近期，星网锐捷全资子公司升腾资讯独家中标建设银行福建省分行收单用“码签牌及受理标识牌”制作服务项目,2022-02-11 15:36:00,002396.SZ,601939,1,供应,eastmoney
延安必康,特一药业,其中，较多机构调研的公司有延安必康、特一药业等,2021-12-29 10:57:12,002411.SZ,002728.SZ,1,同行,yuncaijing
海康威视,中国石化,云财经讯，日前，杭州海康威视数字技术股份有限公司与中国石化江汉油田分公司在江汉油田总部签署战略合作协议，正式达成战略合作伙伴关系,2022-01-06 11:48:32,002415.SZ,600028.SH,1,合作,eastmoney
海康威视,中国石化,【海康威视与江汉油田达成战略合作】日前，杭州海康威视数字技术股份有限公司与中国石化江汉油田分公司在江汉油田总部签署战略合作协议，正式达成战略合作伙伴关系,2022-01-06 11:50:34,002415.SZ,600028.SH,0,合作,eastmoney
海康威视,工商银行,因公司与海康威视天津分公司的买卖合同纠纷事宜，公司在中国工商银行北京苏州桥支行开立的银行基本账户被天津市南开区人民法院冻结，所涉合同纠纷金额约3717.68万元,2022-02-18 18:59:11,002415.SZ,601398.SH,1,纠纷,eastmoney
海康威视,工商银行,因公司与海康威视天津分公司的买卖合同纠纷事宜，公司在中国工商银行北京苏州桥支行开立的银行基本账户被天津市南开区人民法院冻结，所涉合同纠纷金额约3717.68万元,2022-02-18 18:59:11,002415.SZ,601398.SH,0,纠纷,yuncaijing
九安医疗,得利斯,以封单金额计算，九安医疗、汇通集团、得利斯等涨停板封单资金较多，分别有10.01亿元、6.32亿元、4.02亿元,2022-01-17 15:37:48,002432.SZ,002330.SZ,1,同涨,eastmoney
九安医疗,热景生物,云财经讯，新冠检测板块午后持续拉升，亚辉龙、九安医疗涨停，安旭生物、奥泰生物、热景生物跟涨,2022-01-11 13:03:29,002432.SZ,688068.SH,1,同涨,eastmoney
赣锋锂业,金风科技,港股碳中和概念股部分走跌，赣锋锂业(01772.HK)跌5.15%，保利协鑫能源(03800.HK)跌4.64%，大唐新能源(01798.HK)跌4.61%，金风科技(02208.HK)跌3.23%,2021-11-23 13:24:57,002460.SZ,002202.SZ,1,同跌,10jqka
赣锋锂业,比亚迪,港股特斯拉概念股走低，亿和控股跌超16%，赣锋锂业跌超8%，比亚迪股份跌超4%，雅迪控股、施耐特跌超3%，比亚迪电子跌超1%,2021-12-20 10:27:19,002460.SZ,002594.SZ,1,同跌,eastmoney
赣锋锂业,比亚迪,港股锂电池板块走高，赣锋锂业涨超4%，超威动力、比亚迪股份涨超3%,2021-12-22 10:04:16,002460.SZ,002594.SZ,1,同涨,10jqka
赣锋锂业,比亚迪,港股锂电池板块走低，赣锋锂业跌近5%，洪桥集团跌超4%，比亚迪电子、天能动力、超威动力跟跌,2022-01-04 11:24:00,002460.SZ,002594.SZ,1,同跌,eastmoney
赣锋锂业,比亚迪,港股锂电池板块走低，洪桥集团跌近13%，赣锋锂业跌超3%，比亚迪股份、天能动力跟跌,2022-01-07 13:13:10,002460.SZ,002594.SZ,0,同跌,yuncaijing
赣锋锂业,比亚迪,港股特斯拉概念股持续走高，赣锋锂业涨超7%，雅迪控股涨超6%，比亚迪电子涨近4%，比亚迪股份涨超3%,2022-02-17 11:24:00,002460.SZ,002594.SZ,1,同涨,eastmoney
赣锋锂业,比亚迪,港股锂电池板块走低，赣锋锂业跌超7%，比亚迪电子跌6%，比亚迪股份跌超5%，超威动力跌超4%,2022-02-24 14:10:00,002460.SZ,002594.SZ,1,同跌,yuncaijing
赣锋锂业,宁德时代,2021年7月份，赣锋锂业对加拿大千禧锂业发起了要约收购，不料遭到国内同行宁德时代的半路“截杀”,2021-12-27 01:50:03,002460.SZ,300750.SZ,1,竞争,yuncaijing
赣锋锂业,福耀玻璃,港股特斯拉概念股走低，耐世特跌近6%，敏实集团跌近4%，雅迪控股跌超3%，赣锋锂业跌超2%，福耀玻璃跌近2%,2021-11-18 10:27:00,002460.SZ,600660.SH,1,同跌,10jqka
赣锋锂业,福耀玻璃,港股特斯拉概念股走低，敏实集团(00425.HK)跌近4%，赣锋锂业(01772.HK)跌超3%，亿和控股(00838.HK)、福耀玻璃(03606.HK)跌超2%,2021-12-06 10:35:33,002460.SZ,600660.SH,1,同跌,eastmoney
赣锋锂业,福耀玻璃,港股特斯拉概念股走低，赣锋锂业、力劲科技跌近3%，耐世特、福耀玻璃、敏实集团跌超2%,2021-12-10 09:39:00,002460.SZ,600660.SH,1,同跌,eastmoney
赣锋锂业,福耀玻璃,港股特斯拉概念股走低，力劲科技跌超6%，耐世特跌4.5%，亿和控股跌3.33%，赣锋锂业跌3%，福耀玻璃跌2.5%，雅迪控股跌1.63%,2022-01-28 09:48:58,002460.SZ,600660.SH,1,同跌,yuncaijing
赣锋锂业,中国黄金,港股有色金属板块走低，五矿资源跌近6%，赣锋锂业跌超5%，金川国际跌超4%，中国黄金国际跌近3%,2021-12-06 14:01:57,002460.SZ,600916,1,同跌,eastmoney
赣锋锂业,中国铝业,云财经讯，恒指收涨0.3%，恒生科技指数涨0.82%，铝业股、稀土股等有色金属板块集体上涨，赣锋锂业涨超7%，中国铝业涨超5%,2022-02-17 16:11:45,002460.SZ,601600.SH,1,同涨,eastmoney
赣锋锂业,中国铝业,港股有色金属板块走低，俄铝跌近6%，赣锋锂业跌近4%，五矿资源、中国铝业、中国有色矿业跌近2%,2022-02-21 10:30:00,002460.SZ,601600.SH,1,同跌,eastmoney
赣锋锂业,洛阳钼业,港股有色金属板块走低，俄铝跌近7%，赣锋锂业跌近6%，中广核矿业跌近4%，洛阳钼业跌超3%,2022-02-24 11:47:00,002460.SZ,603993.SH,1,同跌,eastmoney
天齐锂业,西藏矿业,盐湖提锂板块拉升回暖，天齐锂业涨超4%，藏格矿业、盛新锂能、西藏矿业跟涨,2022-02-11 09:54:00,002466.SZ,000762.SZ,1,同涨,yuncaijing
天齐锂业,永兴材料,重点看好有资源有加工产能且未来有成长性的公司，龙头天齐锂业、赣峰锂业，弹性标的永兴材料、盛新锂能、科达制造等,2022-02-24 10:38:13,002466.SZ,002756.SZ,1,同行,10jqka
新筑股份,兆新股份,涨停股中，从收盘涨停板封单量来看，永安期货最受追捧，收盘涨停板封单有4182.97万股；其次是新筑股份、兆新股份等，涨停板封单分别有3701.6万股、1883.56万股,2021-12-28 15:28:18,002480.SZ,002256.SZ,1,同涨,10jqka
山西证券,乐视网,云财经讯，山西证券：控股子公司中德证券因乐视网证券虚假陈述纠纷被提起诉讼，涉案金额45.71亿元,2022-01-17 20:31:55,002500.SZ,300104.SZ,1,纠纷,yuncaijing
天桥起重,英搏尔,【天桥起重：拟出售英搏尔部分股票】天桥起重(002523)11月22日晚间公告，公司将通过大宗交易和集合竞价方式出售持有英搏尔(300681)部分股票，合计减持比例不超过其总股本的3%,2021-11-22 19:29:18,002523.SZ,300681.SZ,1,减持,10jqka
英飞拓,紫光国微,【英飞拓：与紫光国微达成战略合作】记者获悉，12月6日，深圳英飞拓智能技术有限公司(简称“英飞拓智能”)与紫光国芯微电子股份有限公司(简称“紫光国微”)在深圳签署战略合作协议,2021-12-07 14:39:29,002528.SZ,002049.SZ,1,合作,yuncaijing
比亚迪,赣锋锂业,港股锂电池板块走高，天能动力涨近4%，比亚迪股份涨近3%，赣锋锂业、超威动力涨超2%,2021-11-22 10:14:00,002594.SZ,002460.SZ,1,同涨,eastmoney
比亚迪,赣锋锂业,港股特斯拉概念股走低，力劲科技跌近5%，亿和控股、比亚迪电子跌超4%，比亚迪股份、敏实集团跌超3%，赣锋锂业跌近3%,2021-12-17 13:18:04,002594.SZ,002460.SZ,1,同跌,eastmoney
比亚迪,赣锋锂业,港股锂电池板块短线下挫，比亚迪电子(00285.HK)跌超5%，赣锋锂业(01772.HK)跌5%，比亚迪股份(01211.HK)跌1.2%,2022-01-06 10:18:53,002594.SZ,002460.SZ,1,同跌,10jqka
比亚迪,赣锋锂业,港股锂电池板块短线下挫，比亚迪电子(00285.HK)跌超5%，赣锋锂业(01772.HK)跌5%，比亚迪股份(01211.HK)跌1.2%,2022-01-06 10:18:53,002594.SZ,002460.SZ,0,同跌,10jqka
比亚迪,赣锋锂业,港股锂电池板块走低，比亚迪股份跌超8%，比亚迪电子跌超5%，赣锋锂业跌超4%，超威动力跌近3%，彩客化学跌超2%，洪桥集团跌近2%,2022-01-28 10:10:00,002594.SZ,002460.SZ,1,同跌,10jqka
比亚迪,赣锋锂业,港股锂电池板块走低，比亚迪电子跌超5%，赣锋锂业跌超3%，超威动力跌超2%,2022-02-07 14:51:49,002594.SZ,002460.SZ,1,同跌,10jqka
比亚迪,福耀玻璃,港股特斯拉概念股走低，比亚迪电子跌近5%，比亚迪股份、福耀玻璃、敏实集团、亿和控股跌近4%，耐世特跌超3%,2022-02-22 10:09:45,002594.SZ,600660.SH,1,同跌,eastmoney
比亚迪,广汽集团,港股汽车股走高，理想汽车涨超4%，小鹏汽车涨超2%，比亚迪股份、广汽集团跟涨,2022-01-14 15:30:39,002594.SZ,601238.SH,1,同涨,10jqka
比亚迪,广汽集团,据《中国经营报》记者不完全统计，华南区域包括比亚迪、东风日产、小鹏汽车、广汽集团旗下多个汽车品牌均已秀出1月可观的销量数据,2022-02-12 11:36:46,002594.SZ,601238.SH,1,同行,yuncaijing
比亚迪,长城汽车,港股汽车股走低，小鹏汽车跌超6%，理想汽车跌超4%，比亚迪股份、长城汽车、吉利汽车跟跌,2021-12-02 09:23:00,002594.SZ,601633.SH,1,同跌,10jqka
比亚迪,长城汽车,港股汽车股走低，小鹏汽车跌超6%，理想汽车跌超4%，比亚迪股份、长城汽车、吉利汽车跟跌,2021-12-02 09:23:00,002594.SZ,601633.SH,0,同跌,10jqka
比亚迪,长城汽车,港股新能源汽车板块走高，理想汽车涨超5%，小鹏汽车涨近4%，恒大汽车、比亚迪股份、长城汽车涨近2%,2022-02-07 09:26:00,002594.SZ,601633.SH,1,同涨,yuncaijing
比亚迪,中国银行,公告显示，吕向阳质押股份占比亚迪总股本的0.01%，质押用途为运营需求，质押时间为2021年11月23日至2026年12月31日，质权人为中国银行股份有限公司广州东山支行,2021-11-25 23:15:25,002594.SZ,601988,0,未知Unknown,eastmoney
中公教育,全通教育,教育板块异动拉升，开元教育涨超7%，中公教育、全通教育、豆神教育跟涨,2021-12-09 13:10:16,002607.SZ,300359.SZ,1,同涨,10jqka
牧原股份,双汇发展,云财经讯，牧原股份：与双汇发展签订战略合作框架协议，以生猪购销为依托，通过完善产业链、提升价值链、打通供应链，提高产品质量、效益和市场竞争力，实现共同高质量发展,2022-01-03 16:47:17,002714.SZ,000895.SZ,1,合作,10jqka
牧原股份,招商证券,云财经讯，12月3日电，牧原股份在互动平台上上，公司近日关注到，招商证券工作人员杨某在股票交流群中，发布与本公司相关的不实言论,2021-12-03 09:08:41,002714.SZ,600999.SH,1,纠纷,yuncaijing
*ST索菱,*ST赫美,连板股中有七成为ST股，如ST宏图、ST凯乐、*ST索菱、*ST长动、*ST赫美、*ST实达、*ST济堂等,2021-12-06 17:40:26,002766.SZ,002356.SZ,1,同行,10jqka
文科园林,白云山,云财经讯，12月14日电，文科园林公告，公司与公司全资子公司青岛文科组成的投标联合体于近期参与了白云山荒山绿化工程(设计施工总承包)1标段的公开投标,2021-12-14 21:25:33,002775.SZ,600332.SH,0,供应,yuncaijing
微光股份,亿利达,云财经讯，微光股份(002801)12月7日晚间公告，公司全资子公司微光技术拟参与竞拍亿利达(002686)公开挂牌转让的浙江马尔风机有限公司（简称“浙江马尔”）51%股权，该部分股权起拍价9435万元,2021-12-07 16:52:41,002801.SZ,002686.SZ,1,未知Unknown,10jqka
路畅科技,中联重科,云财经讯，路畅科技：控股股东拟向中联重科转让29.99%股份，转让价款总额为7.8亿元，同时控股股东自愿放弃所持全部剩余股份的表决权；本次交易完成后，中联重科将成为公司单一拥有表决权份额最大的股东，即成为公司的控股股东,2022-02-07 18:07:04,002813.SZ,000157.SZ,0,被增持,eastmoney
路畅科技,中联重科,路畅科技一字涨停，中联重科A股高开2.07%，消息面上，路畅科技控股股东拟向中联重科转让29.99%股份，转让价款总额为7.8亿元，同时控股股东自愿放弃所持全部剩余股份的表决权；本次交易完成后，中联重科将成为公司单一拥有表决权份额最大的股东，...,2022-02-08 09:26:00,002813.SZ,000157.SZ,1,同涨,10jqka
德赛西威,中科创达,我们预计随着自动驾驶渗透率的快速提升，将有一批TIER1厂商核心受益，重点推荐汽车智能化核心标的德赛西威、中科创达，建议关注光庭信息，一级市场公司地平线、福瑞泰克等,2021-12-30 08:30:13,002920.SZ,300496.SZ,1,同行,yuncaijing
天奥电子,中电科,云财经讯，天奥电子：控股股东中国电子科技集团公司第十研究所拟将其持有的本公司2.60%股份无偿划转给中电科投资控股有限公司持有,2021-12-14 20:14:17,002935.SZ,600877.SH,0,被投资,eastmoney
华林证券,中原证券,不过，一些中小券商如华林证券、国联证券和中原证券则走出独立行情，背后有着科技金融和业绩表现突出等诸多原因,2022-02-24 06:45:26,002945.SZ,601375.SH,1,同行,eastmoney
华林证券,中原证券,不过，一些中小券商如华林证券、国联证券和中原证券则走出独立行情，背后有着科技金融和业绩表现突出等诸多原因,2022-02-24 06:45:26,002945.SZ,601375.SH,0,同行,10jqka
华阳国际,中望软件,【华阳国际：拟与中望软件共同设立合资公司】2月17日晚间，华阳国际公告称，公司与中望软件于当日签订《关于成立合资公司之合资协议》，拟共同出资设立合资公司，开展“国产BIM(建筑信息模型)产品研发和软件销售”业务,2022-02-17 20:23:35,002949.SZ,688083,1,合作,eastmoney
彩虹集团,苏宁易购,【彩虹集团：近日就与苏宁采购中心、苏宁易购票据纠纷一案向法院提起诉讼】彩虹集团公告，近日就与苏宁采购中心、苏宁易购票据纠纷一案向江苏省南京市中级人民法院提起诉讼，请求判令二被告向原告支付票据款项3671万元及利息,2021-11-22 11:53:58,3023,002024.SZ,1,纠纷,yuncaijing
彩虹集团,苏宁易购,彩虹集团公告，近日就与苏宁采购中心、苏宁易购票据纠纷一案向江苏省南京市中级人民法院提起诉讼，请求判令二被告向原告支付票据款项3671万元及利息,2021-11-22 11:54:00,3023,002024.SZ,0,纠纷,eastmoney
传智教育,昂立教育,教育板块午后持续低迷，开元教育跌超6%，传智教育、昂立教育、学大教育跟跌,2021-11-26 14:01:00,3032,600661.SH,1,同跌,eastmoney
神州泰岳,中国神华,【神州泰岳入选中国神华国际工程有限公司供应商库】日前，在中国神华国际工程有限公司组织的信息公司2022年-2023年咨询、实施、运维、信息安全技术服务商集中资格预审项目中，北京神州泰岳软件股份有限公司被确定为资格合格的供应商,2021-12-24 18:51:34,300002.SZ,601088.SH,1,供应,yuncaijing
亿纬锂能,法拉电子,这两只基金的重仓股亿纬锂能两日累计跌幅近10%，另一只重仓股法拉电子两日累计跌幅更是超17%,2022-01-05 20:25:46,300014.SZ,600563.SH,1,同跌,10jqka
大禹节水,江苏国信,【大禹节水：联合体中标12亿元农村生活污水治理EPC项目】大禹节水1月23日晚间公告，控股子公司杭州设计院与江苏国信建设有限公司、沛县兴田建设有限责任公司、中国能源建设集团广东火电工程有限公司组成联合体取得沛县农村生活污水治理2021年EPC项目中标结果公示，项目金额约12.04亿元,2022-01-23 16:47:21,300021.SZ,002608.SZ,1,合作,10jqka
天源迪科,神思电子,指数早盘走势分化，沪指涨近1%，鸿蒙概念、煤炭、电力等多板块活跃，数字货币板块冲高回落，天源迪科、神思电子触及涨停，新冠检测、医疗器械、中药等多数医药股大幅下挫，三市个股跌多涨少，炸板率中性，赚钱效应较弱,2022-01-18 11:30:00,300047.SZ,300479.SZ,1,同涨,eastmoney
中能电气,国电电力,中能电气公告，公司分别与国电电力福建新能源、国电投江西电力新能源分公司签订合作框架协议，公司与协议签订方拟在清洁能源产业领域积极开展广泛合作,2021-12-21 17:21:00,300062.SZ,600795.SH,1,合作,yuncaijing
碧水源,中交地产,此前，碧水源已通过专业竞标，成为中交地产指定的国产净水品牌供应商,2021-12-23 17:57:12,300070,000736.SZ,1,供应,eastmoney
三聚环保,紫金矿业,云财经讯，12月10日，三聚环保、福州大学、紫金矿业在福州举行绿色能源重大产业项目战略合作签约仪式，创建国内首家“氨-氢能源重大产业创新平台”,2021-12-13 15:22:10,300072.SZ,601899.SH,1,合作,10jqka
三聚环保,紫金矿业,12月10日，三聚环保、福州大学、紫金矿业在福州举行绿色能源重大产业项目战略合作签约仪式，创建国内首家“氨-氢能源重大产业创新平台”,2021-12-13 15:23:00,300072.SZ,601899.SH,0,合作,10jqka
三聚环保,紫金矿业,【三聚环保：拟以专利技术参股设立氢能科技公司】三聚环保(300072)1月4日晚间公告，公司与福州大学、紫金矿业、罗宇签订《出资协议书》，共同投资设立福大紫金氢能科技股份有限公司,2022-01-04 22:15:15,300072.SZ,601899.SH,1,合作,eastmoney
当升科技,容百科技,云财经讯，1月28日电，在旺盛市场需求下，国内多家锂电正极材料上市公司业绩报喜，当升科技、容百科技等纷纷预计业绩翻倍,2022-01-28 03:07:40,300073.SZ,688005.SH,1,同行,yuncaijing
当升科技,容百科技,在旺盛市场需求下，国内多家锂电正极材料上市公司业绩报喜，当升科技、容百科技等纷纷预计业绩翻倍,2022-01-28 03:09:00,300073.SZ,688005.SH,0,同行,eastmoney
长信科技,蓝思科技,推荐标的长信科技(300088)、蓝思科技(300433),2021-12-24 07:56:20,300088.SZ,300433.SZ,1,同行,eastmoney
长盈精密,宁德时代,云财经讯，12月5日，记者从长盈精密获悉，在宁德时代总部举行的第三季度供应商质量评选中，公司被授予2021年第三季度供应商质量优秀奖,2021-12-05 22:16:28,300115.SZ,300750.SZ,1,供应,10jqka
长盈精密,宁德时代,【长盈精密：大力布局和发展新能源零组件】12月5日，记者从长盈精密获悉，在宁德时代总部举行的第三季度供应商质量评选中，公司被授予2021年第三季度供应商质量优秀奖,2021-12-05 22:27:15,300115.SZ,300750.SZ,0,供应,eastmoney
汇川技术,双星新材,汇川技术最受关注，参与调研的机构达到661家；双星新材被109家机构调研，榜单中排名第二,2021-12-09 09:15:06,300124.SZ,002585.SZ,1,未知Unknown,10jqka
新国都,中信证券,新国都今日涨19.7%，成交额7.15亿元，换手率17.57%，盘后龙虎榜数据显示，中信证券杭州延安路净买入830.47万元，2家机构专用席位净卖出1268.82万元,2021-11-26 16:26:00,300130.SZ,600030.SH,1,同涨,yuncaijing
东富龙,拱东医疗,在其带动下，东富龙也下跌超10%，拱东医疗跌停,2022-01-04 18:43:37,300171.SZ,605369,1,同跌,10jqka
元力股份,金龙鱼,元力股份公告，公司拟与金龙鱼在上海市设立“元力益海嘉里（上海）循环技术有限公司主要从事以稻壳、稻壳灰为基础原料，加工制造水玻璃、活性炭、热能（以审批机关和登记机关批准的为准）,2021-12-01 16:13:00,300174.SZ,300999,1,合作,yuncaijing
欣旺达,中能电气,【欣旺达：子公司与中能绿慧签署《合作框架协议》】欣旺达公告，全资子公司深圳市欣旺达综合能源与中能电气全资子公司中能绿慧已于近日签订《合作框架协议》，未来双方拟在光伏发电和储能及综合能源服务等业务进行深度合作,2022-01-20 20:42:50,300207.SZ,300062.SZ,1,合作,eastmoney
欣旺达,中能电气,【欣旺达与中能电气签署战略合作协议】欣旺达全资子公司深圳市欣旺达综合能源服务有限公司与中能电气股份有限公司全资子公司中能绿慧新能源有限公司于近日签订《合作框架协议》,2022-01-21 13:09:20,300207.SZ,300062.SZ,1,合作,yuncaijing
东方电热,合盛硅业,云财经讯，东方电热(300217)2月8日晚间公告，公司全资子公司东方瑞吉及镇江东方与新疆中部合盛硅业分别签署了《买卖合同》,2022-02-08 17:16:22,300217.SZ,603260.SH,1,合作,10jqka
拓尔思,蓝色光标,云财经讯，拓尔思：与蓝色光标签订战略合作框架协议，大力推动双方在元宇宙领域的相关业务开拓，打造具有自主“灵魂”的数字虚拟人,2022-02-24 18:16:20,300229.SZ,300058.SZ,1,合作,eastmoney
拓尔思,蓝色光标,拓尔思公告，公司与蓝色光标在北京签订了《战略合作框架协议》,2022-02-24 18:18:00,300229.SZ,300058.SZ,0,合作,10jqka
迪安诊断,九安医疗,云财经讯，迪安诊断(300244)表示，子公司迪安生物抗原新冠检测和九安医疗的产品一样，目前产能超过50万人份/天；现阶段还在分析美国FDA注册事项的阶段,2022-01-30 14:21:01,300244.SZ,002432.SZ,0,未知Unknown,10jqka
初灵信息,中嘉博创,指数午后走势分化，沪指、深成指临近收盘小幅回升，辅助生殖、教育、数字货币等多板块持续活跃，算力概念全天大涨，初灵信息、中嘉博创等多股触及涨停，磷化工、贵金属板块走势较弱，金属新材料板块跌幅居前，三市个股涨多跌少，涨停股超百家，...,2022-02-21 15:00:00,300250.SZ,000889.SZ,1,同涨,10jqka
兴源环境,新希望,云财经讯，兴源环境(300266)1月25日晚间公告，近日，公司与浙江省商业集团、新希望集团签订了《战略合作协议》,2022-01-25 20:47:37,300266.SZ,876,1,合作,eastmoney
利亚德,京东方,其中，开幕式地屏是全世界最大的LED屏幕，面积约11500平米，该地屏最终由利亚德与京东方共同承制，利亚德提供7000多平方米（地屏正中央部分）,2022-02-15 09:54:11,300296.SZ,000725.SZ,1,合作,eastmoney
利亚德,京东方,其中，开幕式地屏是全世界最大的LED屏幕，面积约11500平米，该地屏最终由利亚德与京东方共同承制，利亚德提供7000多平方米（地屏正中央部分）,2022-02-15 09:54:11,300296.SZ,000725.SZ,0,合作,yuncaijing
利亚德,京东方,其中，开幕式地屏是全世界最大的LED屏幕，面积约11500平米，该地屏最终由利亚德与京东方共同承制，利亚德提供7000多平方米(地屏正中央部分),2022-02-15 09:56:02,300296.SZ,000725.SZ,0,合作,10jqka
联创股份,宁德时代,联创股份公告，公司与宁德时代于12月11日签订了《合作框架协议》，约定在协议有效期内，宁德时代向公司采购锂电池级PVDF和R142b产品,2021-12-12 16:37:00,300343.SZ,300750.SZ,1,合作,10jqka
联创股份,宁德时代,云财经讯，联创股份就与宁德时代签订合作框架协议的情况表示，框架没有就PVDF的价格和数量进行约定，因为目前我们PVDF还没有开始正式供货,2021-12-14 09:21:14,300343.SZ,300750.SZ,1,合作,eastmoney
泰格医药,药明康德,港股生物医药板块普跌，歌礼制药跌超9%，腾盛博药跌超7%，贝康医疗跌近4%，药明巨诺跌超3%，泰格医药跌近3%，药明康德、药明生物跟跌,2022-01-07 10:38:21,300347.SZ,603259.SH,1,同跌,10jqka
恒华科技,荣盛发展,【恒华科技：子公司梦工坊与荣盛发展签署战略协议】近日，恒华科技全资子公司天津梦工坊与荣盛房地产发展股份有限公司签订战略合作协议，主要围绕荣盛发展所持物业中央空调系统双碳节能开展合作，并以此为基点，将在建筑节能、建筑碳中和、碳交易等领域建立长期战略合作关系,2022-02-15 13:37:34,300365.SZ,002146.SZ,1,合作,eastmoney
恒华科技,荣盛发展,【恒华科技：子公司梦工坊与荣盛发展签署战略协议】近日，恒华科技全资子公司天津梦工坊与荣盛房地产发展股份有限公司签订战略合作协议，主要围绕荣盛发展所持物业中央空调系统双碳节能开展合作，并以此为基点，将在建筑节能、建筑碳中和、碳交易等领域建立长期战略合作关系,2022-02-15 13:37:34,300365.SZ,002146.SZ,0,合作,10jqka
光环新网,中国电信,云财经讯，近日，北京光环新网科技股份有限公司与中国电信股份有限公司湖南分公司在长沙签署了《湖南电信光环新网合作机房共建合作协议》,2022-01-07 17:20:06,300383.SZ,601728,1,合作,10jqka
迪瑞医疗,九安医疗,新冠检测板块持续走强，迪瑞医疗、九安医疗等涨停，安旭生物、济南高新跟涨,2022-01-20 09:52:00,300396.SZ,002432.SZ,1,同涨,yuncaijing
天和防务,奥维通信,指数午后开盘跳水，创业板指一度跌超3%，临近收盘小幅回升，油气开采、贵金属等多数资源股午后延续强势，国防军工午后冲高回落，天和防务、奥维通信触及涨停，数字货币、东数西算、元宇宙等多数题材股成杀跌主力，三市个股超3900家个股下跌，亏...,2022-02-24 15:00:00,300397.SZ,002231.SZ,1,同涨,eastmoney
道氏技术,比亚迪,云财经讯，道氏技术表示，碳材料业务主要客户包括深圳市比亚迪供应链管理有限公司等主流电池企业，多家优质客户正在不断拓展中,2022-02-24 21:59:16,300409.SZ,002594.SZ,0,未知Unknown,eastmoney
航新科技,安达维尔,国防军工板块持续走强，航新科技涨近12%，航亚科技、成飞集成、安达维尔跟涨,2021-12-03 09:48:00,300424.SZ,300719.SZ,1,同涨,yuncaijing
中泰股份,大众公用,燃气板块持续拉升，中泰股份触及涨停，大众公用、凯添燃气、九丰能源跟涨,2021-11-18 09:34:00,300435.SZ,600635.SH,1,同涨,eastmoney
广生堂,药明康德,【广生堂：控股子公司与上海药明康德合作开发抗新冠病毒小分子口服药】广生堂午间公告，12月23日，董事会同意公司控股子公司广生中霖与上海药明康德就用于新冠病毒感染治疗的一类新药研发项目口服小分子3-CL（3C-like）蛋白酶抑制剂签订《合作开发合同书》,2021-12-24 11:56:55,300436.SZ,603259.SH,1,合作,eastmoney
广生堂,药明康德,广生堂午后直线拉升封板（20.01%），封单超10万手，公司公告称与药明康德签订抗新型冠状病毒小分子口服药3CL蛋白酶抑制剂合作开发合同书,2021-12-24 13:05:00,300436.SZ,603259.SH,0,合作,10jqka
新元科技,中国电信,【新元科技：中国电信江西分公司云和大数据中心项目对公司IDC业务的后续应用推广起到积极作用】新元科技在互动平台表示，公司与中国电信江西分公司共建的中国电信江西分公司云和大数据中心项目顺利履行将有利于扩大公司在数据中心行业的市场份额和影响力，驱动公司数据中心业务的增长，提高公司IDC项目的竞争力，并对公司IDC业务的后续应用推广起到积极作用，增加新的利润增长点，提升公司整体效益,2022-02-21 13:42:01,300472.SZ,601728,1,合作,10jqka
景嘉微,国科微,景嘉微领跌，收盘跌幅8.83%，总市值376.25亿元；国科微跌幅2.78%，总市值285.02亿元,2022-01-11 20:42:02,300474.SZ,300672.SZ,1,同跌,eastmoney
万孚生物,迈瑞医疗,云财经讯，日前，万孚生物与迈瑞医疗签订技术合作伙伴战略合作协议,2021-11-27 11:10:56,300482.SZ,300760.SZ,1,合作,eastmoney
海顺新材,九安医疗,【海顺新材：公司为九安医疗提供软包装类产品】海顺新材在互动平台表示，公司为艾康生物提供软包装和硬包装类产品，为九安医疗提供软包装类产品,2022-01-19 15:20:52,300501.SZ,002432.SZ,1,供应,10jqka
辰安科技,中国电信,【辰安科技中标湖北省应急管理信息化建设项目—应急指挥信息系统】近期，辰安科技联合中国电信充分发挥协同效应，中标“湖北省应急管理信息化建设项目-应急指挥信息系统”，金额1088.26万元,2022-02-08 17:39:30,300523.SZ,601728,1,合作,eastmoney
联得装备,京东方,云财经讯，联得装备：中标京东方重庆第六代AMOLED（柔性）生产线项目，中标设备为真空贴合设备Laminator(D-Lami)，中标价格1.3亿元,2022-02-09 15:40:18,300545.SZ,000725.SZ,1,供应,eastmoney
博创科技,天通股份,云财经讯，博创科技(300548)12月13日晚间公告，持股5.91%的股东天通股份(600330)计划自公告披露之日起十五个交易日后的六个月内以集中竞价、大宗交易方式减持公司股份不超过347.43万股（占公司总股本比例的2%），减持期间自2022年1月6日至2022年7月5日,2021-12-13 19:12:41,300548.SZ,600330.SH,0,被增持,10jqka
会畅通讯,佳创视讯,元宇宙概念持续走高，会畅通讯涨超17%，佳创视讯、金马游乐、天下秀跟涨,2021-12-14 09:39:00,300578.SZ,300264.SZ,1,同涨,eastmoney
欧普康视,口子窖,连续下跌方面，截至今日收盘，共有96只个股连跌6日及以上，其中欧普康视、口子窖等连跌天数居前,2022-01-11 23:16:25,300595.SZ,603589.SH,1,同跌,yuncaijing
飞荣达,宁德时代,飞荣达公告，公司拟与宁德时代签署合作协议，宁德时代预计向公司采购金额约为36亿元，合作期限为2022年至2026年期间，实际采购金额以实际下达的订单为准,2021-11-30 20:12:00,300602.SZ,300750.SZ,1,合作,10jqka
飞荣达,宁德时代,【飞荣达：宁德时代预计向公司采购金额约为36亿元】飞荣达11月30日晚间公告，与宁德时代签署合作协议，宁德时代预计向公司采购金额约为36亿元，合作期限为2022年至2026年期间,2021-11-30 20:16:22,300602.SZ,300750.SZ,0,合作,10jqka
金太阳,比亚迪,企查查App显示，近日，福建金石能源有限公司发生工商变更，原股东泉州市金太阳电子科技有限公司退出，新增股东比亚迪等，同时注册资本由1.9亿增加到2.14亿,2022-01-29 17:55:00,300606.SZ,002594.SZ,0,未知Unknown,eastmoney
民德电子,中国银行,民德电子：与中国银行深圳南头支行签署全面战略合作协议,2021-12-10 19:46:00,300656.SZ,601988,1,合作,eastmoney
英搏尔,天桥起重,英搏尔：股东天桥起重拟减持不超过3%,2021-11-22 19:54:00,300681.SZ,002523.SZ,1,被减持,eastmoney
赛意信息,小熊电器,赛意信息官微消息，赛意信息自2015年与小熊电器确定战略合作伙伴关系，近七年时间助力小熊电器成功上线多套数字化系统，并通过系统间无缝集成和深化应用全面革新企业的管理模式,2021-12-30 21:27:00,300687.SZ,002959.SZ,1,合作,eastmoney
越博动力,比亚迪,【越博动力与比亚迪弗迪动力达成战略合作意向】11月25日，越博动力董事长兼总经理李占江、新能源汽车研究院执行院长任钢、供应链总监魏新君等一行赶赴深圳，与比亚迪集团高级副总裁、弗迪动力有限公司董事长罗红斌及电机、电控等部门负责人等就新能源汽车动力系统相关事宜进行合作交流,2021-11-25 16:08:53,300742.SZ,002594.SZ,1,合作,10jqka
宁德时代,西藏矿业,该战略合作协议签订的主体是中国宝武集团，后续如何落实宝武集团与宁德时代签订的战略合作协议，还需西藏矿业与宁德时代做进一步的逐步沟通、协商，甚至签订相关具有法律约束力的协议，因为我们认为集团战略合作协议的落实还存在很大的不确定性，暂时不会对公司生产经营产生影响，因此公司认为该事项不构成重大信息，所以没有对外进行披露,2021-11-25 16:08:56,300750.SZ,000762.SZ,1,合作,10jqka
宁德时代,比亚迪,近年最火赛道——新能源板块上午再次陷入调整，宁德时代、比亚迪等龙头再次大跌，拖累板块和市场表现,2021-12-24 12:35:21,300750.SZ,002594.SZ,1,同跌,eastmoney
宁德时代,比亚迪,【宁德时代的敌人们】抢食者纷纷浮出水面，最大的抢食者，当属比亚迪,2022-01-12 14:56:20,300750.SZ,002594.SZ,0,同行,yuncaijing
宁德时代,恩捷股份,问及与宁德时代的合作，恩捷股份也表示，将与之成立平台公司从事干法及湿法隔膜业务,2021-11-23 15:47:46,300750.SZ,002812.SZ,1,合作,yuncaijing
宁德时代,亿纬锂能,市场消息：宁德时代、亿纬锂能、比克电池今年将投入量产特斯拉4680电池,2022-02-14 11:33:00,300750.SZ,300014.SZ,1,同行,yuncaijing
宁德时代,阳光电源,新能源赛道大跌，万亿龙头宁德时代大跌超过4%，阳光电源大跌超过6%,2021-12-20 12:52:34,300750.SZ,300274.SZ,1,同跌,10jqka
宁德时代,泰格医药,创业板指跌幅扩大至1%，沪指跌0.46%；宁德时代、泰格医药表现较差,2022-02-21 10:53:59,300750.SZ,300347.SZ,1,同跌,eastmoney
宁德时代,贵州茅台,【837.30元！机构持续调高新能源龙头股目标价】宁德时代周一刚刚创下了历史新高，市值已跃居A股第二，仅次于贵州茅台,2021-11-25 07:42:33,300750.SZ,600519.SH,0,同行,eastmoney
宁德时代,贵州茅台,年内热点题材层出不穷，年初至今盐湖提锂板块涨88%、碳中和板块涨近60%、元宇宙概念涨41%，市场焦点股宁德时代全年大涨68%，贵州茅台全...,2021-12-31 15:00:00,300750.SZ,600519.SH,1,同涨,eastmoney
宁德时代,海通证券,云财经讯，宁德时代今日出现8.367亿元平价大宗交易，成交价每股569.13元，海通证券上海余姚路卖出，机构接盘,2022-01-20 16:27:40,300750.SZ,600837.SH,1,被减持,eastmoney
宁德时代,上海临港,2月19日，宁德时代上海临港产业项目（瑞庭电池基地项目、智能科技项目）正式开工，并将在一年内建成投产,2022-02-19 17:16:00,300750.SZ,600848.SH,0,供应,eastmoney
宁德时代,上海临港,2021年8月，宁德时代与上海临港签订合作协议，拟投资28亿元，项目将依托宁德时代全球领先的极限制造体系和全球灯塔工厂的建设经验，在临港新片区打造绿色、高效智能工厂，优化新能源产业布局，同时还将围绕里程焦虑、快充等行业痛点展开技术攻坚，实现行业关键技术升级,2022-02-20 11:06:05,300750.SZ,600848.SH,1,合作,10jqka
宁德时代,光大证券,云财经讯，12月14日，宁德时代出现4234.94万元大宗交易，一笔平价（每股651.01元）成交4.25万股，一笔溢价（每股658.36元）成交2.23万股，机构卖出，接盘方为机构和光大证券青岛香港西路,2021-12-14 16:40:54,300750.SZ,601788.SH,0,未知Unknown,yuncaijing
宁德时代,药明康德,【行情】沪指小幅下跌，创业板指跌幅扩大至3%，宁德时代跌逾6%，药明康德跌停,2022-02-08 10:15:36,300750.SZ,603259.SH,1,同跌,eastmoney
德方纳米,宁德时代,【德方纳米：与宁德时代向曲靖麟铁共同增资9亿元】德方纳米公告，经公司与宁德时代友好协商，双方决定对曲靖麟铁共同增资人民币9亿元，双方具体增资情况为公司出资人民币5.4亿元；宁德时代出资人民币3.6亿元,2021-12-27 21:43:52,300769.SZ,300750.SZ,1,合作,yuncaijing
德方纳米,宁德时代,德方纳米公告，经公司与宁德时代友好协商，双方决定对控股子公司曲靖麟铁共同增资人民币9亿元，双方具体增资情况为公司出资人民币5.4亿元；宁德时代出资人民币3.6亿元,2021-12-27 21:45:00,300769.SZ,300750.SZ,1,合作,eastmoney
天迈科技,比亚迪,【天迈科技：公司与比亚迪合作主要集中在公共交通领域】天迈科技在投资者互动平台表示，公司与比亚迪合作主要集中在公共交通领域，公司向比亚迪销售公交车用车载设备,2022-01-18 15:21:43,300807.SZ,002594.SZ,1,合作,yuncaijing
首都在线,依米康,市场涌现出了一批“三连板”个股，更有首都在线、依米康连续“20CM”涨停，三日涨幅超过70%,2022-02-23 08:11:56,300846,300249.SZ,1,同涨,yuncaijing
首都在线,奥飞数据,受“东数西算”工程正式全面启动消息影响，A股大数据板块领涨，大数据ETF涨超3%，首都在线、奥飞数据等多只成分股涨超10%,2022-02-21 10:51:00,300846,300738.SZ,1,同涨,yuncaijing
首都在线,南凌科技,指数早盘弱势震荡，创业板指跌近1%，通信服务、教育、数字货币等多板块活跃，算力概念逆势走强，首都在线、南凌科技20cm涨停，稀土永磁、磷化工板块走弱，CRO概念跌幅居前，三市个股涨多跌少，炸板率低，赚钱效应一般,2022-02-21 11:30:00,300846,300921,1,同涨,yuncaijing
卡倍亿,贵州燃气,【“真香”引发“真卷”！可转债打新户数破1100万】28日，卡倍亿和贵州燃气公告显示，卡倍转债和贵燃转债打新户数双双突破1100万户，其中贵燃转债申购户数高达1119万户，这也是可转债改革以来，可转债打新的最高参与户数,2021-12-28 13:10:41,300863,600903.SH,1,同行,eastmoney
中伟股份,当升科技,中伟股份：与当升科技签署《战略合作框架协议》，共同开展印尼红土镍矿综合开发利用，首期拟合作建设年产6万金吨镍产品产线；在贵州投资总产能规划建设不低于30万吨/年磷酸铁、磷酸铁锂及相关磷资源开发、磷化工配套项目；同时就动力电池用高镍NCM前驱体、高镍NCA前驱体、四氧化三钴、富锂锰基前驱体等产品建立长期供销关系，未来3年产品供需量达20-30万吨,2021-11-30 19:53:07,300919,300073.SZ,1,合作,eastmoney
百洋医药,上海谊众,云财经讯，百洋医药：与上海谊众签署市场推广服务协议，上海谊众委托公司就注射用紫杉醇聚合物胶束提供产品推广服务,2022-02-13 16:21:29,301015,688091,0,合作,10jqka
百洋医药,上海谊众,百洋医药2月13日晚间公告，公司与上海谊众签署市场推广服务协议，上海谊众委托百洋医药在合作范围内就协议产品（即“注射用紫杉醇聚合物胶束”）提供产品推广服务，协议有效期至2025年12月31日止,2022-02-13 18:02:00,301015,688091,1,合作,10jqka
密封科技,宇通客车,云财经讯，密封科技(301020)2月15日在互动平台表示，公司目前在新能源领域已经与重庆金康、宇通客车新能源、理想新晨、一汽新能源等公司进行积极洽谈，并与部分客户签署了合作协议，但目前整体占比较小,2022-02-15 14:50:59,301020,600066.SH,1,合作,10jqka
华能国际,大唐发电,电力股上涨，华能国际电力涨8.4%，中国电力涨4.85%，大唐发电涨3.88%,2021-12-08 12:08:52,600011,601991.SH,1,同涨,10jqka
华能国际,大唐发电,港股电力股拉升，华能国际电力股份涨近7%，大唐发电涨近4%，新天绿色能源涨超3%，华润电力涨近3%,2021-12-21 11:37:00,600011,601991.SH,1,同涨,10jqka
华能国际,大唐发电,港股电力股集体下挫，华能国际电力(00902.HK)跌近3%，中国电力(02380.HK)跌1.85%，华润电力(00836.HK)跌1.69%，大唐发电(00991.HK)跌0.65%,2022-02-11 09:54:47,600011,601991.SH,1,同跌,10jqka
上港集团,连云港,上港集团将与连云港集团强化互动联动，在业务融合、市场结合、资源聚合中吸引更多货源、做大港口体量，进一步增强辐射带动能力,2022-01-18 17:56:32,600018.SH,601008.SH,1,合作,10jqka
上港集团,连云港,上港集团将与连云港集团强化互动联动，在业务融合、市场结合、资源聚合中吸引更多货源、做大港口体量，进一步增强辐射带动能力,2022-01-18 17:56:32,600018.SH,601008.SH,0,合作,10jqka
上海电力,长江电力,上海电力公告，股东长江电力减持2.41%股份，减持后持股比例为7.56%,2021-12-31 17:17:00,600021.SH,600900.SH,1,被减持,10jqka
中远海能,中国外运,港股海运板块走高，中远海能涨超4%，中国外运涨近4%，东方海外国际、太平洋航运涨近3%,2021-12-09 13:03:00,600026.SH,601598.SH,1,同涨,10jqka
中远海能,中远海控,港股海运板块走高，太平洋航运涨近4%，中远海能涨近3%，中远海控、东方海外国际涨近2%,2021-12-13 10:41:00,600026.SH,601919.SH,1,同涨,eastmoney
南方航空,东方航空,据路透社报道，这项措施将于1月30日开始生效，直至3月29日，涉及厦门航空、中国国际航空、中国南方航空和中国东方航空四家航空公司,2022-01-22 11:04:55,600029.SH,600115.SH,1,同行,yuncaijing
中信证券,宁德时代,云财经讯，中信证券指出，近期宁德时代股价调整幅度较大，近一周跌幅为15.44%，同期沪深300指数跌幅为0.71%，相对收益为-14.73%，表现弱于市场,2022-02-14 08:50:57,600030.SH,300750.SZ,1,同跌,10jqka
中信证券,华夏银行,中信证券：公司与华夏银行签订了存款业务协议，购买三笔固定期限存款，合计80亿元,2022-02-11 17:01:35,600030.SH,600015.SH,1,合作,10jqka
中信证券,东方证券,净利润来看，中信证券去年净利润229.79亿元，盈利金额居首，净利润同比增长的有13家，增幅最高的是东方证券，净利润同比增长97.27%,2022-02-17 09:59:06,600030.SH,600958.SH,1,同行,yuncaijing
中信证券,国泰君安,近日，工银瑞信、农银汇理、方正富邦、弘毅远方基金，以及中信证券、国泰君安资管等机构，纷纷发布旗下部分公募、大集合产品可投北交所的公告,2021-11-20 17:19:00,600030.SH,601211.SH,1,上级,10jqka
中信证券,华泰证券,港股中资券商股普涨，国联证券涨超6%，中州证券涨近3%，中信证券、华泰证券涨近2%,2022-01-26 13:59:07,600030.SH,601688.SH,1,同涨,10jqka
中信证券,华泰证券,港股中资券商股普涨，国联证券涨超6%，中州证券涨近3%，中信证券、华泰证券涨近2%,2022-01-26 13:59:07,600030.SH,601688.SH,0,同涨,eastmoney
招商银行,大悦城,在该框架协议中，招商银行将优先为大悦城提供地产并购相关的综合金融服务，专项融资额度为100亿元,2022-02-14 18:43:42,600036.SH,000031.SZ,1,供应,eastmoney
招商银行,大悦城,【招行再度出手，向房企提供100亿元并购专项额度】招商银行股份有限公司与大悦城控股集团股份有限公司签署地产并购融资战略合作协议,2022-02-14 18:43:57,600036.SH,000031.SZ,1,合作,eastmoney
招商银行,兴业银行,数据显示，本周北向资金持续加仓银行板块，其中招商银行、兴业银行净流入额居前，金额分别为23.91亿元、14.51亿元,2022-02-13 21:59:00,600036.SH,601166.SH,1,同行,10jqka
中国联通,五粮液,中国联通微信公众号12月25日消息，12月23日，中国联通与五粮液集团在成都签署战略合作协议,2021-12-25 15:24:00,600050.SH,000858.SZ,1,合作,yuncaijing
中国联通,亨通光电,【亨通联合中国联通推出首个5G+量子加密安全解决方案】2021年12月，亨通光电子公司江苏亨通问天量子信息研究院有限公司联合中国联通研究院率先推出5G+量子加密安全解决方案，实现量子加密与5G模组融合，并完成无人机场景下的DM设备管理功能落地验证，实现泛低空领域的安全增强,2021-12-09 13:59:35,600050.SH,600487.SH,1,合作,eastmoney
中船科技,中国船舶,中船科技公告，公司间接控股股东中国船舶集团有限公司目前正在筹划与公司相关的重大事项，该事项预计涉及发行股份购买中船海装100%股权、中船风电发展88.58%股权、新疆海为100%股权、洛阳双瑞44.64%少数股权、“凌久电气10%少数股权，并拟募集配...,2021-12-28 20:12:00,600072.SH,600150.SH,0,被增持,yuncaijing
宋都股份,红日药业,涨停股中，从收盘涨停板封单量来看，汇通集团最受追捧，收盘涨停板封单有1.71亿股；其次是宋都股份、红日药业等，涨停板封单分别有2654.45万股、2168.18万股,2022-01-06 15:31:30,600077.SH,300026.SZ,1,同涨,10jqka
同仁堂,白云山,云财经讯，港股中医药板块上涨，中国中药涨超13%，同仁堂科技涨超6%，白云山涨超2%,2022-01-03 10:23:40,600085.SH,600332.SH,1,同涨,10jqka
特变电工,华翔股份,云财经讯，特变电工：控股公司特变电工新疆新能源股份有限公司与洪洞县人民政府、华翔股份签订《投资框架协议书》，投资建设洪洞县1GW光伏发电项目，配套光伏支架生产项目，项目总投资43亿元,2022-02-16 16:36:12,600089.SH,603112,1,合作,eastmoney
云天化,川金诺,磷化工板块短线拉升，天原股份涨超6%，云天化、川金诺、湖北宜化跟涨,2022-02-22 14:41:00,600096.SH,300505.SZ,1,同涨,yuncaijing
上汽集团,比亚迪,全球电动汽车销冠仍为特斯拉，去年共售出92.1642万辆；其后依次为中国上汽集团（61.1023万辆）、德国大众（43.6669万辆）、比亚迪（33.5257万辆）；现代汽车去年在全球共销售24.05万辆电动汽车，排名居第5位,2022-02-07 16:56:58,600104.SH,002594.SZ,1,同行,10jqka
上汽集团,比亚迪,全球电动汽车销冠仍为特斯拉，去年共售出92.1642万辆；其后依次为中国上汽集团、德国大众、比亚迪股份、现代汽车,2022-02-07 16:59:28,600104.SH,002594.SZ,1,同行,eastmoney
上汽集团,宁德时代,云财经讯，12月10日电，上汽集团在互动平台表示，公司新能源车的电池主要由上汽与宁德时代合资成立的上汽时代（电池）和时代上汽（电芯）两家公司提供,2021-12-10 18:19:25,600104.SH,300750.SZ,1,合作,10jqka
诺德股份,嘉元科技,同时，诺德股份、嘉元科技等锂电铜箔龙头企业也纷纷加码扩大产能,2021-12-09 06:24:20,600110.SH,688388.SH,1,同行,10jqka
东方航空,南方航空,据中国民航局消息，12月15日，民航局再发熔断指令，对东方航空公司MU2574航班（万象至昆明）、南方航空公司CZ6092航班（万象至广州）、四川航空公司3U8392航班（开罗至成都）、巴基斯坦国际航空公司PK854航班（伊斯兰堡至西安）实施熔断措施,2021-12-16 18:09:00,600115.SH,600029.SH,1,同行,10jqka
东方航空,南方航空,云财经讯，12月27日电，民航局再发熔断指令，对中国国际航空公司CA912航班（斯德哥尔摩至西安）、东方航空公司MU588航班（纽约至上海）、南方航空公司CZ8140航班（伊斯兰堡至武汉）、厦门航空公司MF830航班（洛杉矶至厦门）实施熔断措施,2021-12-27 19:38:29,600115.SH,600029.SH,1,同行,yuncaijing
波导股份,日海智能,并于同日在波导股份工厂举办了1000万片日海智能模组下线仪式,2022-01-06 11:13:00,600130.SH,002313.SZ,0,合作,10jqka
中国船舶,招商轮船,近日，在中国船舶集团船海项目集中签约仪式上，中国船舶集团旗下大船集团联合中船贸易与招商局集团旗下招商轮船签署1+1艘大型LNG运输船合作意向书,2021-12-21 20:11:00,600150.SH,601872.SH,1,合作,eastmoney
建发股份,宏发股份,云财经讯，12月17日电，建发股份公告，2021年12月2日至12月16日，控股子公司联发集团累计出售宏发股份1273万股股票，占其当前总股本的1.7095%，累计成交金额8.97亿元,2021-12-17 16:07:25,600153.SH,600885.SH,0,减持,yuncaijing
建发股份,宏发股份,建发股份公告，2021年12月2日至12月16日，控股子公司联发集团累计出售宏发股份1273万股股票，占其当前总股本的1.7095%，累计成交金额8.97亿元,2021-12-17 16:10:00,600153.SH,600885.SH,0,减持,yuncaijing
兖州煤业,中煤能源,港股煤炭概念股走高，力量发展涨超6%，易大宗涨近4%，兖州煤业股份、中煤能源跟涨,2021-12-08 13:51:00,600188.SH,601898.SH,1,同涨,yuncaijing
复星医药,白云山,港股抗疫概念股走低，歌礼制药(01672.HK)跌近10%，阿里健康(00241.HK)、平安好医生(01833.HK)跌超6%，中国生物制药(01177.HK)跌5.56%，中国中药(00570.HK)跌5%，京东健康(06618.HK)跌4.85%，复星医药(02196.HK)、腾盛博药(02137.HK)跌4.2%，白云山(00874.HK)跌3.9%，石药集团(01093.HK)跌3.56%,2022-01-25 14:11:47,600196.SH,600332.SH,1,同跌,eastmoney
复星医药,凯因科技,近日，复星医药成员企业江苏万邦生化医药集团有限责任公司与北京凯因科技股份有限公司正式达成战略合作协议，未来双方将在呼吸、风湿免疫等疾病领域开展深度合作,2022-01-26 16:23:00,600196.SH,688687,1,合作,yuncaijing
亿利洁能,鄂尔多斯,云财经讯，12月6日电，亿利洁能公告，控股股东亿利集团拟将持有的公司3.98亿股（占公司总股本的约11.1722%）无限售流通股股份通过协议转让的方式转让给三峡鄂尔多斯,2021-12-06 16:43:05,600277.SH,600295.SH,1,被增持,10jqka
新力金融,海螺水泥,新力金融公告，持股6.08%的股东海螺水泥计划15个交易日后的3个月内，通过集中竞价交易方式减持公司股票数量不超过512.72万股，即不超过公司总股本的1%,2021-12-08 15:40:00,600318.SH,600585,1,被减持,10jqka
白云山,同仁堂,港股中医药概念股齐涨，中国中药(00570.HK)涨5.76%，神威药业(02877.HK)涨4.61%，白云山(00874.HK)涨4.05%，现代中药集团(01643.HK)涨3.41%，同仁堂国药(03613.HK)涨3.11%,2022-01-10 13:15:30,600332.SH,600085.SH,1,同涨,yuncaijing
西藏珠峰,天齐锂业,云财经讯，盐湖提锂概念股持续拉升，藏格矿业涨停，科达制造、西藏珠峰、天齐锂业、盐湖股份等集体冲高,2021-12-28 09:58:52,600338.SH,002466.SZ,1,同涨,10jqka
西藏珠峰,蓝晓科技,西藏珠峰公告，拟与蓝晓科技签订蓝晓吸附设备合同，合同总价6.5亿元，拟与启迪清源签订启迪BOT合同，合同总价16亿元；上述合同如正常履行，将有效促进公司间接控股阿根廷锂钾有限公司年产5万吨碳酸锂盐湖提锂建设项目的开发、建设,2022-02-21 18:29:00,600338.SH,300487.SZ,1,合作,10jqka
西藏珠峰,蓝晓科技,【西藏珠峰：拟与蓝晓科技签订6.5亿元吸附设备供货合同】西藏珠峰(600338)2月21日晚间公告，公司拟和蓝晓科技签订蓝晓吸附设备供货合同，合同总价6.5亿元；公司拟和启迪清源签订启迪BOT合同，合同总价16亿元,2022-02-21 18:46:40,600338.SH,300487.SZ,0,合作,eastmoney
西藏珠峰,中国电建,云财经讯，记者获悉，11月22日，西藏珠峰与中国电建集团国际工程有限公司签署战略合作框架协议，以有效推动双方在国际市场的合作,2021-11-24 09:55:17,600338.SH,601669.SH,1,合作,10jqka
西藏珠峰,中国电建,11月22日，西藏珠峰与中国电建集团国际工程有限公司签署战略合作框架协议，以有效推动双方在国际市场的合作,2021-11-24 09:56:00,600338.SH,601669.SH,0,合作,yuncaijing
山东高速,中国石化,山东高速集团表示，该加氢站由山东高速服务开发集团与中国石化山东石油分公司合作建设，总占地面积1640平方米，建有两台双枪加氢机，设计加注规模500千克/12小时，可向高速公路通行车辆提供优质的加氢服务,2021-11-19 10:34:52,600350.SH,600028.SH,1,合作,10jqka
盘江股份,金种子酒,在白酒股方面，盘江股份、金种子酒涨停，其中，金种子酒连续三个交易日实现涨停,2022-02-18 12:40:37,600395.SH,600199.SH,1,同涨,eastmoney
华鲁恒升,新华制药,【华鲁恒升：与新华制药续签日常关联交易】华鲁恒升公告，与新华制药续签日常关联交易，继续向新华制药及/或其附属公司直接提供醋酸、醋酐等化工原料，预计2022年、2023年、2024年持续关联交易交易额将分别不超过2.57亿元、2.34亿元及2.34亿元,2021-11-23 16:20:10,600426.SH,000756.SZ,1,供应,yuncaijing
博通股份,美吉姆,教育板块持续拉升，豆神教育涨近5%，博通股份、美吉姆、科德教育跟涨,2021-12-21 09:57:00,600455.SH,002621.SZ,1,同涨,yuncaijing
蓝光发展,靖远煤电,涨停股中，从收盘涨停板封单量来看，蓝光发展最受追捧，收盘涨停板封单有5697.08万股；其次是金山股份、靖远煤电等，涨停板封单分别有4725.44万股、3288.04万股,2021-12-16 15:35:43,600466.SH,000552.SZ,1,同涨,eastmoney
蓝光发展,中交地产,指数早盘走势分化，沪指涨0.41%，创业板指低位震荡，元宇宙、景点及旅游等多板块活跃，地产股延续昨日火热情绪，蓝光发展、中交地产等20股触及涨停，烟草、白酒概念走弱，盐湖提锂板块跌幅居前，三市个股涨多跌少，仅半日超百家个股涨停，赚钱效...,2021-12-21 11:30:00,600466.SH,000736.SZ,1,同涨,yuncaijing
科力远,长安汽车,【科力远：控股子公司拟向长安汽车转让专利权】科力远公告，公司控股子公司科力远混合动力技术有限公司拟以8549.2万元的价格转让其所持有的15项专利技术的专利权给长安汽车，具体包括10项电池包技术、4项整车控制技术和1项变速箱技术,2021-12-23 18:13:36,600478.SH,000625.SZ,0,供应,yuncaijing
双良节能,天合光能,双良节能：全资子公司双良硅材料（包头）有限公司与天合光能签订《单晶硅片采购框架合同》，合同约定2022年至2024年天合光能预计向子公司采购单晶硅片18.92亿片，预计销售金额总计为159.5亿元,2022-02-14 16:58:00,600481.SH,688599,1,合作,eastmoney
双良节能,天合光能,云财经讯，双良节能：全资子公司双良硅材料（包头）有限公司与天合光能签订《单晶硅片采购框架合同》，合同约定2022年至2024年天合光能预计向子公司采购单晶硅片18.92亿片，预计销售金额总计为159.5亿元,2022-02-14 16:58:01,600481.SH,688599,0,合作,yuncaijing
中国动力,中国船舶,中国动力官微消息，近日，中国船舶集团旗下中国动力子公司风帆公司成功签约300余辆某型号无人车供电系统电源订单，这是公司首次签下的批量无人车产品电源业务订单,2022-02-18 10:54:00,600482.SH,600150.SH,0,上级,eastmoney
龙元建设,上海建工,龙元建设公告，公司全资子公司大地钢构近日与上海建工集团股份有限公司签署了钢结构分包合同,2021-12-23 18:20:00,600491.SH,600170,1,合作,yuncaijing
龙元建设,明新旭腾,云财经讯，证监会公告，龙元建设股份有限公司、明新旭腾新材料股份有限公司、天津友发钢管集团股份有限公司发行可转债事项1月24日上会,2022-01-20 18:38:10,600491.SH,605068,0,同行,10jqka
西昌电力,江苏新能,电力板块拉升回暖，金山股份、晋控电力涨停，华电能源、西昌电力、江苏新能跟涨,2021-12-14 09:54:00,600505.SH,603693.SH,1,同涨,yuncaijing
ST康美,紫鑫药业,涨停股中，从收盘涨停板封单量来看，汇通集团最受追捧，收盘涨停板封单有2.51亿股；其次是*ST康美、紫鑫药业等，涨停板封单分别有7037.48万股、2473.29万股,2022-01-04 15:28:00,600518.SH,002118.SZ,1,同涨,eastmoney
贵州茅台,五粮液,沪指午后拉升站上3600点，白酒股持续走强，贵州茅台涨超3.5％，五粮液涨超5％,2021-11-24 13:46:34,600519.SH,000858.SZ,1,同涨,10jqka
贵州茅台,宁德时代,从行业配置看，基金四季度对制造业整体配置市值最高，第一重仓股仍是贵州茅台，其次为锂电池龙头宁德时代,2022-01-23 18:19:00,600519.SH,300750.SZ,0,同行,yuncaijing
贵州茅台,宁德时代,【贵州茅台重回公募基金头号重仓股】刚刚披露完毕的2021年基金四季报显示，截至去年底，贵州茅台超过宁德时代，重回公募基金头号重仓股,2022-01-24 20:25:02,600519.SH,300750.SZ,1,竞争,eastmoney
贵州茅台,宁德时代,天相投顾统计数据显示，基金重仓持有贵州茅台的市值合计为1219.6亿元，超过了宁德时代的1199.6亿元，贵州茅台以微弱优势重新成为“公募最爱”,2022-01-24 20:25:02,600519.SH,300750.SZ,0,竞争,eastmoney
贵州茅台,宁德时代,贵州茅台超过宁德时代，重回公募基金头号重仓股,2022-01-25 17:10:52,600519.SH,300750.SZ,1,竞争,yuncaijing
山东黄金,中国黄金,港股黄金板块走高，山东黄金涨超5%，招金矿业涨近5%，中国黄金国际跟涨,2022-02-24 14:12:00,600547.SH,600916,1,同涨,eastmoney
祥源文化,太平洋证券,祥源文化公告，公司收到太平洋证券发来的《简式权益变动报告书》，太平洋证券通过司法拍卖取得公司无限售流通股2766.12万股，持有公司股份比例从2%增加至6.47%，成为公司持股5%以上股东,2021-12-09 19:45:00,600576.SH,601099.SH,1,被增持,10jqka
卧龙电驱,金风科技,卧龙电驱官微消息，日前，由卧龙电驱大型驱动事业群自主研发的首台永磁直驱风力发电机已成功完成各项试验，并通过了金风科技的出厂验收，顺利发往客户现场,2021-12-24 16:20:00,600580.SH,002202.SZ,1,供应,10jqka
长电科技,通富微电,华为海思概念股持续拉升，赛微电子涨近5%，数码视讯、长电科技、通富微电跟涨,2021-11-22 09:54:00,600584.SH,002156.SZ,1,同涨,eastmoney
海螺水泥,金隅集团,港股建材水泥股走低，华润水泥控股跌近4%，海螺水泥跌超3%，金隅集团、亚洲水泥跌超2%,2021-12-10 13:10:44,600585,601992.SH,1,同跌,10jqka
飞乐音响,华鑫股份,飞乐音响：协议转让上海华鑫股份有限公司6%股份获得国有资产监督管理有权机构批复,2021-11-23 15:58:00,600651.SH,600621.SH,0,减持,eastmoney
福耀玻璃,赣锋锂业,港股特斯拉概念股走高，力劲科技涨近5%，耐世特涨超3%，福耀玻璃、赣锋锂业跟涨,2021-11-29 11:14:00,600660.SH,002460.SZ,1,同涨,10jqka
福耀玻璃,比亚迪,云财经讯，1月7日电，港股特斯拉概念股走高，敏实集团涨近8%，福耀玻璃涨超3%，比亚迪电子涨近3%，亿和控股跟涨,2022-01-07 10:11:53,600660.SH,002594.SZ,1,同涨,eastmoney
福耀玻璃,比亚迪,港股特斯拉概念股走高，敏实集团涨近6%，福耀玻璃涨超5%，比亚迪电子涨超4%，雅迪控股涨近3%,2022-01-10 11:17:00,600660.SH,002594.SZ,1,同涨,10jqka
福耀玻璃,比亚迪,港股特斯拉概念股走高，福耀玻璃涨超3%，比亚迪股份、比亚迪电子、敏实集团涨近3%，耐世特涨超2%,2022-02-09 09:59:00,600660.SH,002594.SZ,1,同涨,10jqka
福耀玻璃,恩捷股份,大摩看好Rivian市场吸引力，予目标价147美元；富瑞予药明生物目标价200港元，续列为首选股；麦格理：资源股首选中铝、福耀玻璃、中国建材、鞍钢及恩捷股份；小摩维持Peloton增持评级，目标价50美元,2022-02-09 16:50:31,600660.SH,002812.SZ,1,同行,10jqka
福耀玻璃,福莱特,港股光伏太阳能板块走高，福耀玻璃涨超5%，福莱特玻璃、北控清洁能源集团涨近3%，信义光能、信义能源涨超2%,2022-01-10 10:34:00,600660.SH,601865.SH,1,同涨,yuncaijing
舍得酒业,口子窖,此前，舍得酒业、习酒、口子窖等白酒品牌先后宣布提价,2021-12-25 09:27:00,600702.SH,603589.SH,1,同行,yuncaijing
舍得酒业,口子窖,此前，舍得酒业、习酒、口子窖等白酒品牌先后宣布提价,2021-12-25 09:27:00,600702.SH,603589.SH,0,同行,eastmoney
天津港,青岛港,云财经讯，12月14日电，为推动上海国际航运中心和中国（上海）自由贸易试验区临港新片区建设，根据我国相关法律法规和《国务院关于同意在中国（上海）自由贸易试验区临港新片区暂时调整实施有关行政法规规定的批复》，经交通运输部批准，允许符合条件的境外国际集装箱班轮公司的非五星旗国际航行船舶开展大连港、天津港、青岛港与上海港洋山港区之间，以上海港洋山港区为国际中转港的外贸集装箱沿海捎带业务试点，试点期限至2024年12月31日,2021-12-14 17:48:33,600717.SH,601298.SH,1,同行,10jqka
中国海防,贵州茅台,指数午后持续走弱，创业板指跌近1.5%，机场航运、新冠检测、盐湖提锂等多板块持续活跃，中船系全天走高，中国海防触及涨停，农业种植、元宇宙概念持续走弱，白酒概念大幅回调，贵州茅台一度跌近5%，三市个股跌多涨少，涨停股近80家，赚钱效应偏弱,2021-12-29 15:00:00,600764.SH,600519.SH,0,同涨,yuncaijing
中储股份,中国电建,云财经讯，2月15日，中储股份党委书记、董事长梁伟华与中国电建集团城市院董事长陈万涛举行会谈，双方就开展业务合作进行了交流,2022-02-18 09:07:12,600787.SH,601669.SH,1,合作,yuncaijing
中储股份,中国电建,2月15日，中储股份党委书记、董事长梁伟华与中国电建集团城市院董事长陈万涛举行会谈，双方就开展业务合作进行了交流,2022-02-18 09:08:00,600787.SH,601669.SH,0,合作,10jqka
浙大网新,南京银行,云财经讯，从浙大网新(600797)了解到，近日，浙大网新旗下子公司恒天软件成功中标南京银行金融市场智能交易系统建设项目，在构建金融市场智能化交易管理系统，实现一站式智能交易管理与风控的道路上又迈出了坚实的一步,2021-12-24 14:41:14,600797.SH,601009.SH,1,供应,eastmoney
华新水泥,上峰水泥,（4）受益于基建投资回暖的水泥行业区域龙头华新水泥、上峰水泥,2021-12-28 08:23:16,600801.SH,000672.SZ,0,同行,yuncaijing
内蒙华电,吉电股份,电力板块异动拉升，物产环能、金山股份涨停，内蒙华电、吉电股份跟涨,2021-12-17 09:35:00,600863.SH,000875.SZ,1,同涨,10jqka
东方电气,金风科技,港股风电板块持续走高，东方电气涨超8%，大唐新能源涨近7%，龙源电力涨近4%，新天绿色能源涨超3%，金风科技涨近3%,2021-11-29 10:47:00,600875.SH,002202.SZ,1,同涨,10jqka
东方电气,金风科技,港股风电股持续走低，华润电力跌超11%，东方电气跌超6%，金风科技跌近6%，大唐新能源、协合新能源跌近5%，龙源电力、新天绿色能源跌近4%,2022-01-04 14:21:26,600875.SH,002202.SZ,1,同跌,yuncaijing
东方电气,上海电气,港股核电核能股普涨，中广核矿业(01164.HK)涨近6%，东方电气(01072.HK)涨超5%，上海电气(02727.HK)跟涨,2022-01-06 13:42:54,600875.SH,601727.SH,1,同涨,10jqka
洛阳玻璃,福莱特,港股光伏太阳能板块走高，洛阳玻璃股份涨超5%，信义玻璃涨近5%，福莱特玻璃涨超4%，信义光能涨超3%,2021-12-13 09:49:00,600876.SH,601865.SH,1,同涨,yuncaijing
洛阳玻璃,福莱特,港股光伏太阳能板块午后走低，保利协鑫能源(03800.HK)跌7.75%，新特能源(01799.HK)跌5.28%，洛阳玻璃(01108.HK)跌近5%，福莱特玻璃(06865.HK)跌超3%,2021-12-17 14:23:15,600876.SH,601865.SH,1,同跌,yuncaijing
洛阳玻璃,福莱特,港股碳中和概念股走高，洛阳玻璃股份涨超10%，大唐新能源涨超7%，福莱特玻璃涨超5%,2021-12-30 10:36:00,600876.SH,601865.SH,1,同涨,10jqka
洛阳玻璃,福莱特,港股光伏太阳能板块走高，洛阳玻璃股份涨近6%，协鑫新能源涨超4%，福莱特玻璃、保利协鑫能源涨超3%，新特能源涨近2%,2022-02-24 10:20:00,600876.SH,601865.SH,1,同涨,10jqka
杉杉股份,宏润建设,杉杉股份拟以其光伏新能源资产及业务与宏润建设进行战略合作，并在此基础上拟成为宏润建设的战略合作股东,2022-01-13 16:26:00,600884.SH,002062.SZ,1,合作,10jqka
三峡能源,彩虹集团,由榆林市政府、三峡能源和彩虹集团合作开发的三峡榆林光伏装备制造产业园项目投资协议成功签约,2022-01-28 07:44:13,600905,3023,1,合作,10jqka
三峡能源,彩虹集团,【三峡能源与陕西省榆林市政府、彩虹集团签订投资合作协议】昨日，榆林市2022年重点招商引资项目（第一批）集中签约仪式以视频会议方式举行,2022-01-28 07:44:48,600905,3023,0,合作,eastmoney
博汇纸业,太阳纸业,消息面上，12月1日起，博汇纸业、APP、太阳纸业等头部纸企再度“携手提价”,2021-12-01 09:39:32,600966.SH,002078.SZ,1,同行,eastmoney
中国电影,洲明科技,11月19日，由中国电影技术研究所和洲明科技联合研发的UC-A21电影屏，成功通过DCI认证,2021-11-20 08:14:00,600977.SH,300232.SZ,1,合作,eastmoney
大秦铁路,唐山港,11月18日，中国西煤东运重载大通道大秦铁路运输煤炭130.6万吨，这是大秦铁路11月以来第13次日运量突破130万吨，对口供应的秦皇岛港、唐山港、曹妃甸港存煤由10月底的1600余万吨回升到1900万吨以上,2021-11-20 18:14:44,601006.SH,601000.SH,1,供应,10jqka
连云港,中化国际,据介绍，中化连云港循环经济产业园是中国中化着力优化区域布局、重点建设的一体化化工园区，由旗下中化国际主导建设,2022-02-23 07:54:00,601008.SH,600500.SH,0,投资,eastmoney
宝泰隆,中国石化,【宝泰隆与中石化就氢能项目达成战略合作】12月28日，宝泰隆与中国石化黑龙江省石油分公司在黑龙江省七台河市举行战略合作协议签订仪式,2021-12-29 09:43:41,601011.SH,600028.SH,1,合作,yuncaijing
隆基股份,中环股份,以隆基股份、中环股份为首形成的硅片双寡头格局正一步步受到挑战,2021-11-21 20:38:00,601012.SH,002129.SZ,1,同行,eastmoney
隆基股份,中国石化,【中石化携手隆基共同打造147座分布式光伏加油站】记者从光伏龙头企业隆基股份获悉，为助力中国达成碳达峰、碳中和的宏伟愿景，国有能源巨头中国石化与隆基已达成战略合作，将携手打造147座分布式光伏加油站，加油站将广泛分布在陕西、湖北、安徽及广东等地,2021-12-29 20:32:03,601012.SH,600028.SH,1,合作,eastmoney
中铝国际,中国铝业,港股有色金属板块走软，中铝国际(02068.HK)跌近6%，中国铝业(02600.HK)跌超5%，南方锰业(01091.HK)跌近4%,2022-01-05 10:24:17,601068.SH,601600.SH,1,同跌,10jqka
中铝国际,中国铝业,有色金属板块上涨，中铝国际涨4.4%，中国铝业涨3.5%，招金矿业涨1.48%,2022-02-17 12:15:11,601068.SH,601600.SH,1,同涨,eastmoney
中国神华,中煤能源,港股煤炭概念股走高，兖矿能源涨超5%，中国神华涨近4%，中煤能源涨近3%,2022-01-19 09:33:00,601088.SH,601898.SH,1,同涨,eastmoney
昊华能源,山西焦化,煤炭概念异动下跌，昊华能源跌近4%，山西焦煤、华阳股份、山西焦化跟跌,2021-11-25 09:57:00,601101.SH,600740.SH,1,同跌,10jqka
昊华能源,山西焦化,煤炭概念异动下跌，昊华能源跌近4%，山西焦煤、华阳股份、山西焦化跟跌,2021-11-25 09:57:00,601101.SH,600740.SH,0,同跌,10jqka
天风证券,中远海控,天风证券12月19日发布研报称，维持中远海控(601919.SH，最新价：18.72元)买入评级,2021-12-19 16:16:30,601162.SH,601919.SH,1,增持,yuncaijing
兴业银行,招商银行,记者从人民银行深圳市中心支行了解到，兴业银行深圳分行、招商银行深圳分行率先发放首批12笔碳减排项目贷款，共计10.54亿元，利率水平与同期限档次贷款市场报价利率(LPR)基本持平，预计带动年度碳减排量93.06万吨二氧化碳当量,2021-11-27 06:38:53,601166.SH,600036.SH,1,同行,yuncaijing
中国铁建,中国电建,该项目位于辽宁省庄河市石城岛东侧海域，平均水深30米，场址中心离岸距离约35公里，规划面积55.8平方公里，设计装机容量350兆瓦，由中国铁建港航局与中国电建华东院承建,2021-12-16 16:03:54,601186,601669.SH,1,合作,yuncaijing
中国铁建,中国中车,港股高铁板块走高，中国中铁涨超5%，中国铁建涨近3%，中国交通建设涨超2%，中国中车跟涨,2022-01-07 11:06:00,601186,601766.SH,1,同涨,10jqka
华电重工,中国电建,【华电重工成功签署首个海外海上风电项目】华电重工官微消息，12月28日，华电重工与中国电建集团四川工程有限公司（简称：四川工程）在成都举行“越南金瓯海上风电项目吊装施工合同”签约仪式,2021-12-29 16:40:38,601226.SH,601669.SH,1,合作,yuncaijing
广汽集团,比亚迪,港股汽车股集体走高，理想汽车涨超8%，小鹏汽车涨6%，广汽集团涨近6%，恒大汽车涨超4%，比亚迪股份涨近4%,2022-01-12 09:38:47,601238.SH,002594.SZ,1,同涨,eastmoney
广汽集团,长城汽车,港股汽车股走强，五菱汽车(00305.HK)涨5%，广汽集团(02238.HK)涨2.66%，吉利汽车(00175.HK)涨2.55%，长城汽车(02333.HK)、理想汽车(02015.HK)涨2.2%，东风集团股份(00489.HK)涨2%,2021-12-09 10:47:31,601238.SH,601633.SH,1,同涨,10jqka
广汽集团,长城汽车,港股汽车股走强，五菱汽车(00305.HK)涨5%，广汽集团(02238.HK)涨2.66%，吉利汽车(00175.HK)涨2.55%，长城汽车(02333.HK)、理想汽车(02015.HK)涨2.2%，东风集团股份(00489.HK)涨2%,2021-12-09 10:47:31,601238.SH,601633.SH,0,同涨,yuncaijing
广汽集团,长城汽车,港股汽车股走低，理想汽车(02015.HK)跌超4%，广汽集团(02238.HK)跌3.26%，长城汽车(02333.HK)跌3.24%，小鹏汽车(09868.HK)跌近3%,2021-12-14 09:55:37,601238.SH,601633.SH,1,同跌,10jqka
农业银行,中国人寿,【农业银行(01288.HK)遭国寿集团减持1500万股】据联交所最新权益披露资料显示，2021年11月30日，农业银行(01288.HK)遭中国人寿保险(集团)公司在场内以每股均价2.5766港元减持1500万股，涉资约3864.9万港元,2021-12-03 08:17:30,601288.SH,601628.SH,0,减持,eastmoney
中国平安,中国人寿,地产股、大金融股普涨，中国奥园、富力地产涨超7%，中国平安、中国人寿涨超3%,2022-02-11 16:09:24,601318.SH,601628.SH,1,同涨,eastmoney
中国平安,中国人寿,地产股、大金融股普涨，中国奥园、富力地产涨超7%，中国平安、中国人寿涨超3%,2022-02-11 16:09:24,601318.SH,601628.SH,0,同涨,eastmoney
中国人保,新华保险,数据显示，截至1月24日，外资对A股五大保险股的持股量较去年12月31日均出现较大增幅，其中对中国人保与新华保险的持股量大幅增长36%、21%,2022-01-26 07:50:52,601319.SH,601336.SH,1,同行,yuncaijing
中原证券,国盛金控,上述公司中，中原证券、国盛金控、太平洋净利润预计同比增速均超过100%,2022-02-14 12:49:41,601375.SH,002670.SZ,0,同行,eastmoney
兴业证券,西南证券,其中，兴业证券的金股组合涨幅以11.06%排第一位，西南证券金股组合以10.63%的涨幅紧随其后，开源证券、德邦证券金股组合收益率同样居前,2021-11-30 20:30:58,601377.SH,600369.SH,1,同涨,yuncaijing
中国铝业,江西铜业,有色金属股强势，五矿资源涨近8%，中国铝业涨超7%，江西铜业股份涨5.58%,2022-01-11 12:08:48,601600.SH,600362.SH,1,同涨,10jqka
中国铝业,江西铜业,港股有色金属板块走低，五矿资源跌超4%，俄铝跌近4%，中国铝业跌超3%，江西铜业股份跌近3%,2022-01-25 09:40:00,601600.SH,600362.SH,1,同跌,10jqka
中国铝业,江西铜业,港股矿业板块走低，五矿资源、中国铝业跌超4%，江西铜业股份等跟跌,2022-02-15 09:40:00,601600.SH,600362.SH,1,同跌,yuncaijing
中国铝业,德宏股份,【传言稀土巨头获批，概念股大涨】除了大盘股上涨之外，早盘稀土板块也获资金追捧，港股中国稀土暴涨18%；A股中国铝业、德宏股份强势涨停，截至午间收盘，中国铝业涨停封单达到137万手,2021-12-06 12:34:17,601600.SH,603701.SH,1,同涨,yuncaijing
中国太保,陆家嘴,同时，中国太保旗下太保资产、国联安基金与浦东金融局、陆家嘴服务局共同签署了《加快推进上海全球资管中心建设专项合作协议》,2021-12-24 20:26:18,601601.SH,600663.SH,1,合作,10jqka
明阳智能,金风科技,风机龙头包括明阳智能、金风科技等,2021-11-21 11:21:43,601615.SH,002202.SZ,1,同行,10jqka
中国人寿,万达信息,中国人寿保险资金对万达信息的投资依法合规，完全适格,2022-01-10 13:28:00,601628.SH,300168.SZ,0,同行,eastmoney
中国人寿,中国人保,其中，中国人寿保费收入居于榜首，达2072亿元；中国人保保费收入增长最快，同比增速达17.89%,2022-02-19 07:39:52,601628.SH,601319.SH,1,同行,10jqka
中国人寿,新华保险,从上市寿险来看，中国人寿、新华保险及人保寿险均实现正增长，三者寿险保费收入同比分别增长1.23%、1.67%、2.19%,2021-12-16 06:43:07,601628.SH,601336.SH,0,同涨,yuncaijing
长城汽车,比亚迪,港股汽车板块持续走高，长城汽车涨近9%，东风集团股份涨近6%，五菱汽车涨超5%，比亚迪股份涨近5%，吉利汽车涨超3%,2021-11-22 13:32:00,601633.SH,002594.SZ,1,同涨,10jqka
长城汽车,比亚迪,锂电池股表现最弱，体育用品股、汽车股、燃气股、石油股、钢铁股皆走低，长城汽车、比亚迪股份跌超3%,2021-11-25 12:04:00,601633.SH,002594.SZ,1,同跌,eastmoney
长城汽车,比亚迪,港股汽车股走低，长城汽车跌超4%，北京汽车跌超2%，恒大汽车、比亚迪股份跌近2%,2021-12-24 10:05:00,601633.SH,002594.SZ,1,同跌,eastmoney
长城汽车,比亚迪,港股汽车股走高，小鹏汽车涨近10%，恒大汽车涨超9%，理想汽车涨近8%，长城汽车、比亚迪股份涨超3%,2021-12-31 09:24:44,601633.SH,002594.SZ,1,同涨,eastmoney
长城汽车,比亚迪,受补贴退坡、原材料价格上涨等多重因素影响，包括长城汽车、特斯拉、比亚迪等主流新能源车企陆续透露了涨价消息，幅度从1000元至2万元不等,2022-01-28 07:04:36,601633.SH,002594.SZ,0,同行,eastmoney
长城汽车,比亚迪,港股汽车股齐挫，小鹏汽车跌超11%，小鹏美股隔夜收跌12.5%；理想汽车跌逾5%，长城汽车、比亚迪股份、吉利汽车跌均超4%，恒大汽车、东风集团股份跌近2%,2022-01-28 09:34:16,601633.SH,002594.SZ,1,同跌,10jqka
长城汽车,比亚迪,港股汽车股大涨，理想汽车涨超12%，小鹏汽车涨超9%，长城汽车、比亚迪股份涨超3%,2022-02-04 09:24:32,601633.SH,002594.SZ,1,同涨,eastmoney
长城汽车,比亚迪,港股汽车股大涨，理想汽车涨超12%，小鹏汽车涨超9%，长城汽车、比亚迪股份涨超3%,2022-02-04 09:24:32,601633.SH,002594.SZ,0,同涨,10jqka
长城汽车,广汽集团,港股汽车股走低，恒大汽车跌超5%，理想汽车跌近4%，长城汽车跌超3%，广汽集团跌近3%,2021-12-14 09:44:00,601633.SH,601238.SH,1,同跌,10jqka
长城汽车,广汽集团,港股汽车股走低，恒大汽车跌超4%，长城汽车、五菱汽车跌近3%，广汽集团跌近2%,2022-01-06 10:54:00,601633.SH,601238.SH,1,同跌,10jqka
中国建筑,白云机场,【中国建筑：联合体中标广州芳村至白云机场城际项目】中国建筑公告，联合体中标广州芳村至白云机场城际项目，项目施工总承包中标价184.76亿元,2021-12-07 17:35:23,601668,600004.SH,0,供应,10jqka
上海电气,光大证券,云财经讯，2月18日上午，上海电气集团党委书记、董事长冷伟青与来访的光大证券股份有限公司党委书记、董事长闫峻进行会谈，就“十四五”时期双方深化合作事宜交换意见,2022-02-19 11:35:57,601727.SH,601788.SH,1,合作,eastmoney
中国电信,紫光国微,云财经讯，记者获悉，12月3日，超级SIM卡澳门首发仪式暨中国电信（澳门）与紫光国微战略合作签署仪式在澳门国际科技创新博览会上举行,2021-12-03 17:13:32,601728,002049.SZ,1,合作,eastmoney
中国电信,中国联通,港股电信股尾盘走强，中国移动(00941.HK)涨3.8%，中国电信(00728.HK)涨3.65%，中国联通(00762.HK)涨2.63%,2022-02-07 15:49:28,601728,600050.SH,1,同涨,10jqka
中国电信,中国联通,港股电信股走高，中国移动、中国电信涨近4%，中国联通涨近3%,2022-02-07 15:51:38,601728,600050.SH,0,同涨,yuncaijing
中国电信,中国联通,2021H1，中国电信产业数字化业务收入501亿元，同比增长16.8%；中国移动DICT收入334亿元，同比增长59.8%；中国联通产业互联网业务收入280亿元，同比增长23.6%,2022-02-10 08:06:10,601728,600050.SH,1,同行,10jqka
光大银行,上海银行,记者从人民银行广州分行、人民银行深圳市中心支行、香港金管局获悉，光大银行、创兴银行、厦门国际银行珠海分行、大新银行、上海银行、华侨永亨银行（中国）深圳分行、富邦华一银行、集友银行入围,2022-01-27 22:16:01,601818.SH,601229.SH,1,同行,10jqka
光大银行,上海银行,光大银行广州分行、华侨永亨银行（中国）珠海分行、大新银行（中国）广州分行、上海银行深圳分行、厦门国际银行珠海分行、创兴银行等14家银行入围,2022-01-29 07:28:00,601818.SH,601229.SH,1,同行,eastmoney
福莱特,洛阳玻璃,港股光伏太阳能板块走高，福莱特玻璃涨近9%，新特能源、协鑫新能源、洛阳玻璃股份涨超3%，信义能源涨近3%,2021-12-31 10:02:36,601865.SH,600876.SH,1,同涨,eastmoney
中国能建,葛洲坝,【中国能建葛洲坝集团与河南新乡市签订战略合作框架协议】据中国葛洲坝微言消息，11月23日，中国能建葛洲坝集团与河南省新乡市签订战略合作框架协议,2021-11-23 20:43:31,601868,600068.SH,1,合作,eastmoney
中国能建,葛洲坝,云财经讯，2月9日，中国能建葛洲坝集团与中国中化先正达集团中国在武汉签署战略合作协议,2022-02-10 16:13:06,601868,600068.SH,1,合作,10jqka
中国能建,中国电建,据记者了解，北京2022年冬奥会的“绿电”供应包括光伏、风电、水电等多种清洁能源，国家电网、中国华能、国家电投、大唐集团、国家能源集团、三峡集团、中国能建、中国电建等多家电力央企以及京能集团等电力企业参与了相关工作,2022-02-09 05:15:00,601868,601669.SH,1,同行,eastmoney
招商轮船,中国重汽,根据协议，各方将在国内国际“双循环”新发展格局下，共同致力于全球范围内的多领域深度合作，招商轮船将在全球范围内为中国重汽提供有市场竞争力的租船订舱、海运等服务，并发挥自身海运优势，协助建立全球供应链系统与国际新市场的开发,2022-01-13 17:43:27,601872.SH,000951.SZ,1,合作,10jqka
中煤能源,中国神华,港股煤炭概念股走高，中煤能源涨近3%，兖矿能源、力量发展涨超2%，中国神华涨近2%,2022-01-10 14:28:00,601898.SH,601088.SH,1,同涨,eastmoney
中煤能源,中国神华,港股煤炭股普涨，兖矿能源涨5.72%，中煤能源和中国神华涨超4%，易大宗和首钢资源等跟涨,2022-02-04 10:44:00,601898.SH,601088.SH,1,同涨,eastmoney
中煤能源,中国神华,云财经讯，2月4日电，港股煤炭股普涨，兖矿能源涨超6%、中煤能源和中国神华涨超4%，易大宗和首钢资源等跟涨,2022-02-04 10:44:38,601898.SH,601088.SH,0,同涨,yuncaijing
紫金矿业,福耀玻璃,港股碳中和板块普涨，紫金矿业、福耀玻璃、兖矿能源涨超3%，信义玻璃涨近3%,2022-01-20 13:27:07,601899.SH,600660.SH,1,同涨,eastmoney
紫金矿业,福耀玻璃,港股碳中和板块普涨，紫金矿业、福耀玻璃、兖矿能源涨超3%，信义玻璃涨近3%,2022-01-20 13:27:07,601899.SH,600660.SH,0,同涨,eastmoney
浙商银行,江苏银行,目前已有浙商银行、江苏银行、百信银行等商业银行布局元宇宙，其中百信银行已推出NFT数字藏品,2022-01-17 06:51:59,601916.SH,600919.SH,1,同行,10jqka
中远海控,中国外运,港股海运板块普跌，中远海控跌近4%，东方海外国际跌超3%，海丰国际、中国外运、太平洋航运跟跌,2022-01-17 13:52:25,601919.SH,601598.SH,1,同跌,10jqka
中远海控,中远海发,港股海运板块走低，太平洋航运跌近4%，中远海控、中远海发跌超3%,2021-11-26 15:27:00,601919.SH,601866.SH,1,同跌,yuncaijing
中远海控,中远海发,港股海运板块走低，太平洋航运跌近4%，海丰国际跌超2%，中远海控跌近2%，中远海发跟跌,2021-12-22 13:30:00,601919.SH,601866.SH,1,同跌,yuncaijing
建设银行,邮储银行,全系列智能POS均已支持数字人民币支付，并开始为建设银行、邮储银行等银行机构批量供货,2022-01-05 14:31:03,601939,601658,1,同行,eastmoney
建设银行,邮储银行,全系列智能POS均已支持数字人民币支付，并开始为建设银行、邮储银行等银行机构批量供货,2022-01-05 14:31:03,601939,601658,0,同行,yuncaijing
中国银行,招商银行,公开信息显示，赵启柱现年56岁，1988年清华大学应届毕业，当年和40多名清华毕业生一起闯海（即“海南”），对海南感情深厚，曾陆续担任中国银行海南省分行副行长、招商银行海口分行行长、招商银行厦门分行行长等职,2021-12-24 16:07:50,601988,600036.SH,1,同行,10jqka
中国银行,金麒麟,【陈卫东：双碳目标政策体系的构建并不是简单地“关停并转”】中国银行研究院院长陈卫东在第14届金麒麟金融峰会上表示，我国的双碳目标政策体系构建仍处于起步阶段，政策的节奏、力度与经济运行的匹配度有待加强，不是简单地关停并转，或是搞一刀切式的减碳做法，或是盲目地下指标，简单化地处理、短期化地处理，这可能会影响整个中国经济平稳运行，也跟国家整体的政策目标不相称,2021-12-17 10:35:57,601988,603586.SH,1,未知Unknown,yuncaijing
大唐发电,华能国际,绿电概念股集体爆发，大唐发电、华润电力、华能国际电力涨超7%，中广核新能源、中广核电力涨超3%,2021-12-15 12:09:24,601991.SH,600011,1,同涨,eastmoney
大唐发电,华电国际,港股电力股走高，中国电力、大唐发电涨近6%，中广核新能源涨超4%，华电国际电力股份涨超3%,2021-12-17 09:43:00,601991.SH,600027.SH,1,同涨,10jqka
大唐发电,华电国际,港股电力股齐挫，中国电力跌3.54%，大唐发电跌3.19%，华电国际电力跌3%，华润电力跌2.96%,2021-12-28 09:38:45,601991.SH,600027.SH,1,同跌,eastmoney
金隅集团,海螺水泥,【水泥股全线上涨，沿江地区水泥熟料价格上调】水泥股全线上涨，中国建材涨6%，华润水泥、金隅集团涨2%，海螺水泥涨1.1%，为连续第四个交易日上涨,2022-02-10 14:38:22,601992.SH,600585,1,同涨,10jqka
中金公司,中信证券,【中国化妆品生产商上美据悉计划最快年内在香港上市】上美正与中金公司、中信证券和摩根大通合作推进拟议股份发售事宜，可能募集数亿美元,2022-01-10 18:52:33,601995,600030.SH,1,合作,yuncaijing
禾望电气,电科院,云财经讯，从禾望电气(603063)了解到，近日，在国网陕西电科院、洁源光伏、禾望电气、北京瑞盈智拓、唐鼎电力多方联合下，陕西定边洁源公布井光伏电站完成了涉网性能提升试验,2021-12-20 15:28:32,603063.SH,300215.SZ,1,合作,eastmoney
森特股份,北新建材,增持次数方面，近5日获重要股东增持两次以上的共有5家公司，分别是森特股份（增持6次）、*ST丰华（增持4次）、北新建材（增持3次）等,2022-01-10 09:56:10,603098.SH,000786.SZ,0,增持,10jqka
森特股份,新华都,云财经讯，森特股份：获股东新华都实业集团股份有限公司及其一致行动人举牌，截至本报告签署日，新华都集团及其一致行动人合计持股5.20%,2021-12-31 21:47:46,603098.SH,002264.SZ,0,被增持,yuncaijing
药明康德,泰格医药,港股医药外包概念股盘初跳水，药明康德跌超8%，泰格医药跌超5%，药明生物跌3.5%,2022-02-09 09:47:00,603259.SH,300347.SZ,1,同跌,10jqka
药明康德,康龙化成,恒生医疗保健业指数下挫逾9%，药明生物、药明康德均跌超19%，康龙化成等多股跌超10%,2021-12-15 16:10:29,603259.SH,300759.SZ,1,同跌,10jqka
药明康德,昭衍新药,CXO概念股午后跳水，药明生物跌超19%，药明康德跌19%，昭衍新药跌16%，金斯瑞跌11%,2021-12-15 16:15:24,603259.SH,603127.SH,1,同跌,eastmoney
药明康德,康希诺,港股生物医药板块涨跌互现，再鼎医药、创胜集团涨近7%，药明康德涨超6%，药明生物涨近6%；永泰生物跌近27%，康希诺生物跌超6%，腾盛博药跌超3%,2022-01-11 10:57:00,603259.SH,688185,1,同涨,yuncaijing
松发股份,兄弟科技,【松发股份：子公司受“双减”政策影响处于亏损状态】松发股份(603268)12月14日晚间披露股票异动公告，公司陶瓷业务经营环境未发生重大变化，目前生产经营活动正常；公司控股子公司北京醍醐兄弟科技发展有限公司受国家“双减”政策影响营业收入大幅下降，目前处于亏损状态,2021-12-14 17:54:16,603268.SH,002562.SZ,1,上级,10jqka
天味食品,青岛食品,食品加工板块午后持续低迷，盖世食品跌超4%，朱老六、天味食品、青岛食品跟跌,2021-11-17 13:50:00,603317.SH,1219,1,同跌,eastmoney
亚士创能,中国电建,云财经讯，从亚士创能了解到，近日，中国电建地产集团有限公司2022-2023年涂料集中采购项目中标结果公示，亚士漆内外墙涂料、地坪漆产品以及全面涂装解决方案成功中标,2021-12-28 14:16:24,603378.SH,601669.SH,1,供应,yuncaijing
通达电气,锐明技术,此次合作协议签署，通达电气、深圳巴士集团、锐明技术三方达成长期稳定的战略合作关系，将以此为契机，建立三方交流机制，充分发挥各方优势，在公共交通、智慧出行软硬件产品和服务、新产品新技术科技创新、战略资本协同等领域进一步开展更深层次、更高水平的合作，合力构建三方合作发展的新平台、新机制,2021-12-17 09:08:38,603390.SH,2970,1,合作,yuncaijing
贵州三力,翰宇药业,三胎概念持续拉升，葫芦娃涨停，贵州三力、翰宇药业、华特达因、沐邦高科跟涨,2022-01-10 11:17:56,603439,300199.SZ,1,同涨,yuncaijing
思维列控,远望谷,云财经讯，思维列控(603508)12月3日晚间公告，远望谷(002161)目前持有公司股份1249.7万股，占公司当前总股本的4.59%,2021-12-03 19:18:14,603508.SH,002161.SZ,0,投资,eastmoney
思维列控,远望谷,【思维列控：远望谷拟适时出售公司股票】思维列控公告，远望谷(002161)目前持有公司股份1249.7万股，占公司当前总股本的4.59%,2021-12-03 19:18:59,603508.SH,002161.SZ,0,减持,10jqka
绝味食品,洽洽食品,【奶茶品牌书亦烧仙草获绝味食品、洽洽食品等间接投资】奶茶品牌书亦烧仙草的运营公司四川书亦餐饮管理有限公司近期新增了多位投资人,2022-02-05 16:24:24,603517.SH,002557.SZ,0,未知Unknown,10jqka
中谷物流,广州港,中谷物流官方微信消息，12月9日，上海中谷物流股份有限公司与广州港股份有限公司在广州签署深化战略合作框架协议,2021-12-10 14:54:00,603565,601228.SH,1,合作,10jqka
璞泰来,东阳光,【璞泰来：子公司拟14亿元新建2万吨/年PVDF与4.5万吨/年R142b项目】璞泰来公告，公司控股子公司乳源东阳光氟树脂有限公司与广东省韶关市乳源瑶族自治县政府达成初步投资意向，公司拟在原计划的基础上进一步扩大产能建设规划，拟通过东阳光氟树脂新建2万吨/年PVDF与4.5万吨/年R142b项目，项目总投资金额约14亿元,2021-12-28 18:59:40,603659.SH,600673.SH,1,上级,eastmoney
密尔克卫,明阳智能,【密尔克卫：与明阳智能签订风电机组运输服务项目合同】密尔克卫公告称，公司与明阳智能签订越南金瓯WTO风电场风电机组运输服务项目合同，合同金额暂估1.48亿元,2021-12-29 16:52:36,603713.SH,601615.SH,1,合作,yuncaijing
华友钴业,西藏矿业,盐湖提锂板块开盘拉升，华友钴业涨超6%，藏格矿业、科达制造、西藏矿业跟涨,2022-01-12 09:30:00,603799.SH,000762.SZ,1,同涨,yuncaijing
华友钴业,德方纳米,【景气赛道锂电池板块强势反弹，锂电池ETF(159840)上涨近3%】景气赛道锂电池板块开盘强势回暖，华友钴业强势涨停，德方纳米涨幅超14%，锂电池板块整体飘红，带动锂电池ETF(159840)开盘反弹近3%,2022-01-12 09:45:54,603799.SH,300769.SZ,1,同涨,eastmoney
华友钴业,孚能科技,协议约定2021年12月至2025年华友钴业计划合计供货孚能科技三元前驱体16.15万吨,2021-12-02 17:28:02,603799.SH,688567,1,供应,yuncaijing
华友钴业,孚能科技,【华友钴业：就三元前驱体采购、废料及废旧电池回收等方面与孚能科技签订战略合作协议】华友钴业公告，2021年12月2日，公司与孚能科技(赣州)股份有限公司签订了《战略合作协议》，协议就三元前驱体的采购与合作，废料及废旧电池回收，三元正极及三元前驱体的研制、应用与交流等方面进行约定,2021-12-02 17:28:02,603799.SH,688567,1,合作,eastmoney
欧派家居,东鹏控股,10月以来，包括欧派家居、东鹏控股等在内的多家企业陆续宣布调价，涉及全屋定制、瓷砖、防水涂料、照明等多个领域,2021-11-17 08:22:00,603833.SH,3012,0,同行,yuncaijing
瑞芯微,立昂微,在此次调整中，富时全球股票指数系列新纳入了华润微、瑞芯微、立昂微等多只半导体A股，此外，新纳入A股还分布在能源、运输、医疗等板块,2022-02-20 09:40:32,603893,605358,1,同行,yuncaijing
洛阳钼业,江西铜业,港股有色金属板块走低，五矿资源跌超10%，中国有色矿业跌近6%，洛阳钼业、俄铝跌超5%，江西铜业股份跌近4%,2021-12-14 11:12:00,603993.SH,600362.SH,1,同跌,yuncaijing
行动教育,美凯龙,据行动教育消息，12月30日，在红星美凯龙总部，红星美凯龙、行动教育正式达成战略合作，双方强强联手将在人才战略上进行深度战略合作，构建更加全面更加深层的人才合作和交流机制，共同致力打造家居行业的人才生态圈,2021-12-31 12:26:00,605098,601828,1,合作,10jqka
行动教育,美凯龙,【行动教育：与红星美凯龙达成战略合作】从行动教育了解到，12月30日，在红星美凯龙总部，红星美凯龙、行动教育正式达成战略合作，双方强强联手将在人才战略上进行深度战略合作，构建更加全面更加深层的人才合作和交流机制，共同致力打造家居行业的人才生态圈,2021-12-31 12:29:28,605098,601828,0,合作,eastmoney
洪通燃气,新疆火炬,燃气板块持续走弱，水发燃气跌超4%，洪通燃气、新疆火炬、佛燃能源跟跌,2021-12-03 10:15:00,605169,603080.SH,1,同跌,10jqka
健麾信息,翰宇药业,云财经讯，健麾信息：股东翰宇药业拟减持不超过2%,2021-12-23 16:02:56,605186,300199.SZ,1,被减持,yuncaijing
协和电子,泛亚微透,云财经讯，1月5日电，协和电子公告，公司拟与江苏泛亚微透科技股份有限公司、江苏拓邦投资有限公司等累计21家机构及个人共同发起设立合资公司“江苏源氢新能源科技股份有限公司”，投资建设氢燃料电池质子交换膜项目,2022-01-05 17:03:33,605258,688386,1,合作,eastmoney
杭可科技,亿纬锂能,【杭可科技：中标亿纬锂能4.97亿元锂电池生产设备】杭可科技公告，公司近日收到亿纬锂能通过电子邮件发送的定点通知，中标项目为锂电池生产设备，中标金额4.97亿元,2022-01-25 16:13:22,688006.SH,300014.SZ,0,未知Unknown,10jqka
当虹科技,光线传媒,云财经讯，当虹科技：股东光线传媒拟减持不超过2%,2022-01-17 18:56:29,688039,300251.SZ,1,被减持,eastmoney
航天宏图,中国电信,云财经讯，1月10日，航天宏图信息技术股份有限公司与中国电信股份有限公司甘肃分公司战略合作协议签约仪式在兰州举行,2022-01-11 17:37:24,688066.SH,601728,1,合作,eastmoney
中望软件,华阳国际,云财经讯，中望软件(688083)2月17日晚间公告，公司与华阳国际拟共同出资设立合资公司，开展“国产BIM（建筑信息模型）产品研发和软件销售”业务,2022-02-17 19:43:45,688083,002949.SZ,1,合作,10jqka
阿拉丁,大悦城,未来阿拉丁将通过资本＋科技，推动大悦城构建商业地产+社群经济新业态，以社群经济为线下商业地产赋能，助力行业创新探索,2022-02-23 17:12:36,688179,000031.SZ,1,合作,yuncaijing
阿拉丁,中材节能,这是本月阿拉丁能源集团完成对中材节能战略投资后，半月内完成的第二起“央企系”A股公司投资,2021-12-12 16:54:29,688179,603126.SH,1,投资,10jqka
君实生物,恒瑞医药,从公布的医保目录来看，进口PD-1/PD-L1依然无缘医保目录，国产品种中，百济神州的替雷利珠单抗、君实生物的特瑞普利单抗、信达生物的信迪利单抗、恒瑞医药的卡瑞利珠单抗四大国产PD-1产品携新适应证进入医保目录，其中信迪利单抗新增三大一线适应证进医保，成为中国医保目录内拥有一线适应证最多的PD-1药物,2021-12-04 00:16:29,688180,600276.SH,1,同行,10jqka
君实生物,东阳光,港股生物医药板块持续走高，云顶新耀涨超25%，歌礼制药涨近18%，先声药业涨近15%，君实生物涨近12%，东阳光药涨近9%,2022-01-17 11:31:00,688180,600673.SH,1,同涨,eastmoney
君实生物,康希诺,港股生物医药板块走高，科济药业涨超10%，四环医药涨超6%，君实生物涨近6%，康希诺生物涨超4%，腾盛博药、歌礼制药涨超3%,2022-01-10 09:41:00,688180,688185,1,同涨,yuncaijing
康希诺,药明康德,港股生物医药板块普跌，百济神州跌逾13%，康宁杰瑞制药跌近11%，康方生物、再鼎医药跌超7%，药明生物跌超5%，康希诺生物跌近5%，药明康德跌逾4%,2021-12-06 10:20:05,688185,603259.SH,1,同跌,eastmoney
康希诺,君实生物,港股抗疫概念股走低，阿里健康跌超5%，歌礼制药跌近5%，康希诺生物、君实生物跌超3%,2021-11-26 13:52:00,688185,688180,1,同跌,10jqka
时代电气,中国中车,【港股高铁板块走高】港股高铁板块走高，时代电气涨超7%，中国中车、中国中铁跟涨,2021-11-17 13:23:39,688187,601766.SH,1,同涨,eastmoney
致远互联,中国软件,【麒麟软件与致远互联达成合作】近日，麒麟软件与致远互联正式达成合作，双方将积极发挥各自技术、业务与资源整合上的优势，共同打造全新生态，合力助推中国软件在关键行业的应用，协力探索网信产业领域的市场潜力,2021-12-01 22:12:18,688369.SH,600536.SH,1,合作,10jqka
震有科技,中国联通,【震有科技中标中国联通研究院三层解耦及VNFM开发项目】近日，震有科技中标2021年中国联通研究院面向三层解耦的业务平台及通用VNFM的开发项目,2021-12-21 16:38:30,688418,600050.SH,0,供应,eastmoney
艾迪药业,药石科技,艾迪药业公告，公司及全资子公司南京艾迪医药科技有限公司与南京药石科技股份有限公司于2021年12月28日就共同开发抗HIV长效治疗药物项目签订了《项目合作开发框架合同》；本合同为项目合作开发框架合同，双方将合作立项，共同确定抗HIV长效治疗...,2021-12-28 19:57:00,688488,300725.SZ,1,合作,eastmoney
艾迪药业,药石科技,云财经讯，艾迪药业：与南京药石科技股份有限公司就共同开发抗HIV长效治疗药物项目签订《项目合作开发框架合同》，双方共同确定抗HIV长效治疗药物靶点和适应症，合作确定至少一个临床候选化合物，合同首付款为200万元（含税），合同里程碑付款累计总金额为1.19亿元,2021-12-28 19:57:06,688488,300725.SZ,0,合作,10jqka
艾迪药业,中国医药,【艾迪药业：与中国医药保健品公司签订战略合作协议】艾迪药业(688488)12月9日晚间公告，公司与中国医药保健品有限公司达成战略合作意向并于近日签订《战略合作协议》,2021-12-09 17:02:39,688488,600056.SH,1,合作,10jqka
孚能科技,华友钴业,孚能科技公告，与华友钴业签订了于12月2日《战略合作协议》,2021-12-02 17:06:00,688567,603799.SH,1,合作,10jqka
孚能科技,华友钴业,【孚能科技：与华友钴业签订战略合作协议】孚能科技公告，与华友钴业签订战略合作协议，公司自2021年12月至2025年12月31日拟向华友钴业采购16.15万吨三元前驱体,2021-12-02 17:08:47,688567,603799.SH,0,合作,yuncaijing
博拓生物,万孚生物,除了已获得美国FDA授权的三家公司之外，包括博拓生物、万孚生物等多家公司的快速检测试剂产品，也正在申请美国的FDA认证,2022-01-12 15:02:00,688767,300482.SZ,1,同行,eastmoney
博拓生物,万孚生物,【多家生物公司回应：新冠快速检测试剂正申请美国FDA认证】除了已获得美国FDA授权的三家公司之外，包括博拓生物、万孚生物等多家公司的快速检测试剂产品，也正在申请美国的FDA认证,2022-01-12 15:08:53,688767,300482.SZ,0,同行,10jqka
