head,tail,sentence,time,head_code,tail_code,src,relation
阳光电源,禾望电气,在建筑、通信、新能源等领域，与万科、保利、华为、阳光电源、禾望电气等头部厂商合作紧密,2021-11-10 00:00:00.000,300274.SZ,603063.SH,光大证券,合作
彤程新材,华微电子,彤程新材(603650)事件：11月6日，在第四届进博会现场，杜邦电子与工业事业部（以下简称“杜邦”）与北京科华微电子材料有限公司（以下简称“北京科华”，系彤程新材控股子公司）宣布开展意向合作计划,2021-11-10 00:00:00.000,603650.SH,600360.SH,光大证券,合作
生益科技,生益电子,生益科技：覆铜板领军企业，，PCB贡献核心增量公司为老牌覆铜板龙头企业，，2013，年收购生益电子开启，PCB，第二主业,2021-11-09 00:00:00.000,600183.SH,688183,民生证券,未知Unknown
晶盛机电,双良节能,晶盛机电(300316)投资要点预计在手订单近，200，亿：，再获双良节能，8.4，亿订单，四季度新签订单超，23，亿1），11，月，8，日，公司公告与双良节能新签单晶炉采购合同，8.4，亿元,2021-11-09 00:00:00.000,300316.SZ,600481.SH,浙商证券,未知Unknown
东方电气,上海电气,今年以来，公司在光储方面屡屡突破，先后与国网综合能源服务集团有限公司签订《战略合作协议》，与东方电气、国投签署合作协议，以及和上海电气达成合作共识,2021-11-09 00:00:00.000,600875.SH,601727.SH,天风证券,合作
中国电信,中国联通,公司主要客户为中国电信、中国移动、中国联通，公司产品及服务广泛运用于通信网络的接入网和智能组网系统，连续多年成为国内通信运营商的入围企业和主要供应商之一,2021-11-09 00:00:00.000,601728,600050.SH,华西证券,同行
申能股份,外高桥,申能股份(600642)要点公司高效大机组优势凸显：公司控股的外高桥电厂由数台90万、100万千瓦火电机组构成，是目前我国火电行业能效水平最高的电厂之一,2021-11-09 00:00:00.000,600642.SH,600648.SH,光大证券,上级
兴发集团,华友钴业,与兴发集团合作，实现磷锂资源互补：华友钴业与兴发集团共同投资建设磷酸铁锂材料的一体化产业有助于发挥各自在资源、技术及产业链等优势,2021-11-09 00:00:00.000,600141.SH,603799.SH,光大证券,合作
晶盛机电,双良节能,晶盛机电(300316)事件：2021年11月8日公司发布公告，公司分别于2021年5月和11月与双良硅材料（双良节能全资孙公司）签订6.3亿元和16.1亿元订单，合计22.4亿元大订单落地,2021-11-09 00:00:00.000,300316.SZ,600481.SH,东吴证券,合作
晶盛机电,双良节能,双良一期20GW硅片产能，我们预计晶盛机电市占率约80%双良硅材料是双良节能“40GW单晶硅项目”的运营实施主体，该项目分两期建设，一期项目总投资70亿元，建成年产20GW拉晶、20GW切片,2021-11-09 00:00:00.000,300316.SZ,600481.SH,东吴证券,未知Unknown
长安汽车,宁德时代,11月5日长安汽车公告，子公司阿维塔科技引入宁德时代等战略投资者增资扩股，提升其发展活力，进一步推进市场化运营策略，同时增资有助于阿维塔补充资金，加速产品研发进程,2021-11-09 00:00:00.000,000625.SZ,300750.SZ,东方证券,上级
彤程新材,华微电子,彤程新材(603650)事件：2021年11月6日，杜邦电子与工业事业部和北京科华微电子材料有限公司宣布开展一项合作，为中国集成电路芯片制造商提供高性能光刻材料,2021-11-09 00:00:00.000,603650.SH,600360.SH,信达证券,合作
彤程新材,华微电子,彤程新材(603650)事件：2021年11月8日早，杜邦电子与工业事业部和北京科华微电子材料有限公司今日宣布开展一项合作计划，为中国集成电路芯片制造商提供高性能光刻材料,2021-11-09 00:00:00.000,603650.SH,600360.SH,国盛证券,合作
华友钴业,兴发集团,华友钴业(603799)事项：公司控股子公司巴莫科技拟向控股股东华友控股以支付现金或者增发的方式收购其持有的内蒙古圣钒科技100%股权，扩充磷酸铁锂业务；同时，公司与兴发集团签订《合作框架协议》，在湖北宜昌合作投资磷矿采选、磷化工、湿法磷酸、磷酸铁及磷酸铁锂材料的一体化产业，建设50万吨/年磷酸铁、50万吨/年磷酸铁锂及相关配套项目,2021-11-09 00:00:00.000,603799.SH,600141.SH,天风证券,上级
珠海冠宇,上汽集团,珠海冠宇(688772)【事项】公司发布公告，旗下全资子公司冠宇动力电池近日收到上汽集团定点函，选择冠宇动力电池作为其定点供应商，为其开发和供应的智己汽车LS7，车型提供，12V，锂电池，根据客户需求计划，冠宇动力将于，2022，年实现量产供货，，具体产品供应时间、价格以及供应量以签订的供应协议及销售订单为准,2021-11-09 00:00:00.000,688772,600104.SH,东方财富证券,供应
上汽集团,张江高科,智己汽车是由上汽集团、阿里巴巴、张江高科联合成立的品牌，LS7为旗下首款高端纯电SUV，对标Model，Y和宝马X3,2021-11-09 00:00:00.000,600104.SH,600895.SH,东方财富证券,合作
兴发集团,华友钴业,兴发集团(600141)事件:2021年11月7日，公司发布关于与华友钴业签署合作框架协议的公告：围绕新能源锂电材料全产业链进行合作，按照一次规划、分步实施的原则，在湖北宜昌合作投资磷矿采选、磷化工、湿法磷酸、磷酸铁及磷酸铁锂材料的一体化产业，计划建设50万吨/年磷酸铁、50万吨/年磷酸铁锂及相关配套项目,2021-11-08 00:00:00.000,600141.SH,603799.SH,国海证券,合作
宁德时代,比亚迪,受益磷酸铁锂需求拉动，磷酸铁、铁锂价格上行磷酸铁锂电池与其他锂离子电池相比，因具有成本低廉、安全性好、寿命长等优点，被越来越广泛的使用，特别是随着宁德时代CTP技术和比亚迪的刀片电池技术的出现，磷酸铁锂在动力电池领域也势如破竹,2021-11-08 00:00:00.000,300750.SZ,002594.SZ,国海证券,同行
鸿远电子,火炬电子,而军用MLCC行业格局非常稳定，其中鸿远电子、火炬电子和成都宏明三家巨头占据了大部分军用MLCC市场,2021-11-08 00:00:00.000,603267.SH,603678.SH,华西证券,同行
恒生电子,金证股份,基于可比公司估值，考虑到公司过往3年复合增速、毛利率及净利率水平均介于恒生电子与金证股份之间，我们认为公司估值应介于恒生电子与金证股份之间，给予22年40倍PE作为目标估值，对应目标价48.40元,2021-11-07 00:00:00.000,600570.SH,600446.SH,天风证券,同行
宁德时代,比亚迪,受益磷酸铁锂需求拉动，磷酸铁价格上行磷酸铁锂电池与其他锂离子电池相比，因具有成本低廉、安全性好、寿命长等优点，被越来越广泛的使用，特别是随着宁德时代CTP技术和比亚迪的刀片电池技术的出现，磷酸铁锂在动力电池领域也势如破竹,2021-11-07 00:00:00.000,300750.SZ,002594.SZ,国海证券,同行
中国汽研,苏州高新,中国汽研(601965)事件：日前，公司发布公告：与苏州国家高新技术产业开发区管理委员会(简称“苏州高新区”)签订了《投资合作协议》，(简称“本投资合作协议”)，中国汽研拟在苏州高新区建设通用技术集团中国汽研华东总部基地(简称“中国汽研华东基地”)项目,2021-11-05 00:00:00.000,601965.SH,600736.SH,国联证券,合作
中国联通,海量数据,今年10月，公司与中国联通联合发布基于5G+MEC的云化控制系统“DeepControl”，5G+MEC云化控制系统通过将虚拟化PLC和SCADA云化部署在联通MEC上，实现工业控制网络全5G无线化、数据采集的云化和海量数据的接入与快速处理，目前已在中煤等企业应用和试运营,2021-11-05 00:00:00.000,600050.SH,603138.SH,国元证券,合作
贝泰妮,上海家化,，公司主要客户包括强生、贝泰妮、上海家化等国内外优质企业，业绩稳定性较强,2021-11-04 00:00:00.000,300957,600315.SH,浙商证券,供应
贝泰妮,上海家化,，主要客户包括强生、宝洁、，贝泰妮、上海家化等国际大牌及本土大牌，代工能力深受合作方好评,2021-11-04 00:00:00.000,300957,600315.SH,浙商证券,供应
万年青,上峰水泥,2020年万年青ROE25.8%，在可比水泥企业中排名第二，仅次于上峰水泥的33.2%，我们认为公司成本费用管控能力较为出色，随着江西水泥价格逐步走出洼地，有望带来公司净利率提升，进而带动整体ROE提升,2021-11-04 00:00:00.000,000789.SZ,000672.SZ,天风证券,未知Unknown
中科创达,华阳集团,预期公司2021~2023年营收有望分别达86.7、110.6、140.3亿元，归母净利润8.2、10.0、12.6亿元，对应PE倍数74x、60x、48x，参考可比公司中科创达、华阳集团2021年平均PE为82x（Wind一致预期），存在成长空间，维持公司“推荐”评级,2021-11-04 00:00:00.000,300496.SZ,002906.SZ,民生证券,未知Unknown
中国汽研,苏州高新,中国汽研(601965)公告要点：中国汽车工程研究院股份有限公司（中国汽研）与苏州国家高新技术产业开发区管理委员会签订了《投资合作协议》，中国汽研拟在苏州高新区建设通用技术集团中国汽研华东总部基地项目，总投资约20亿元,2021-11-04 00:00:00.000,601965.SH,600736.SH,东吴证券,合作
杭可科技,赢合科技,，预计，2021-2023，年，公司实现归母净利润，15.61，亿元、，24.77亿元、，34.04，亿元，对应，EPS，分别为，1.00，元、，1.58，元、，2.18，元，对应PE分别为，81.44，倍、，51.33，倍和，37.35，倍，参考杭可科技、赢合科技等锂电设备类公司的估值水平，综合考虑公司在锂电设备领域的龙头地位，给予公司，2022，年，55-60，倍，PE，对应合理估值区间为，86.9-94.8，元，维持“推荐”评级,2021-11-03 00:00:00.000,688006.SH,300457.SZ,财信证券,未知Unknown
金刚玻璃,爱康科技,，订单方面，，公司在，2020，年落地的，HJT，订单中市占率超，70%，并于，2021，年相继中标金刚玻璃，1.2GW，异质结项目、，爱康科技，600MW，高效异质结整线设备采购项目及，1.8GW，后期采购意向等，我们认为公司后续在积累产线经验后，将进一步提高自身壁垒，不断正反馈改进技术，强者恒强,2021-11-03 00:00:00.000,300093.SZ,002610.SZ,财信证券,同行
上海银行,邮储银行,投资收益的增长，主要来自东方海外国际、上海银行、邮储银行等公司的盈利增长,2021-11-03 00:00:00.000,601229.SH,601658,天风证券,同行
长城汽车,比亚迪,智能座舱方面，智能座舱域控制器、大屏化座舱产品、数字化仪表等座舱产品获得一汽丰田、长城汽车、吉利汽车、广汽乘用车、奇瑞汽车、比亚迪等主流车企的新项目订单，新项目量产贡献业绩增量,2021-11-03 00:00:00.000,601633.SH,002594.SZ,国金证券,同行
迈为股份,大族激光,目前，德国3D-micromac、友晁能源、迈为股份、大族激光等公司占有极少量市场份额，公司行业地位优势极为显著,2021-11-03 00:00:00.000,300751.SZ,002008.SZ,申港证券,同行
盛运环保,伟明环保,中标盛运系公司重组资格，在存量市场整合具备标杆意义：作为生活垃圾焚烧行业从装备制造到项目投资和运营的全产业链公司，公司的项目投资成本低，运营管理经验丰富，中标盛运环保系公司重组，若最终完成对系列公司的重组投资和移交管理，将体现伟明环保在垃圾焚烧行业存量市场的整合能力，具备示范效应,2021-11-03 00:00:00.000,300090.SZ,603568.SH,东方证券,供应
三峡水利,国投电力,上半年公司完成对包括三峡水利、国投电力在内的多家公司的股份增持，带动Q3对联营企业和合营企业的投资收益同比增长25.5%,2021-11-03 00:00:00.000,600116.SH,600886.SH,天风证券,增持
隆基股份,天合光能,与此同时，公司积极与隆基股份、晶科能源、天合光能、韩华等头部组件客户进行合作，为长期市占率提升与持续发展奠定了良好基础,2021-11-03 00:00:00.000,601012.SH,688599,浙商证券,合作
先导智能,赢合科技,，预计，2021-2023，年，公司实现归母净利润，4.23，亿元、，8.46亿元、，13.62，亿元，对应，EPS，分别为，1.05，元、，2.10，元、，3.38，元，对应PE分别为，98.58，倍、，49.22，倍和，30.60，倍，参考先导智能、赢合科技等锂电设备类公司的估值水平，综合考虑公司在锂电设备领域的后道龙头地位，给予公司，2022年，50-55倍，PE，对应合理估值区间为，105.0-115.5元，维持“推荐”评级,2021-11-02 00:00:00.000,300450.SZ,300457.SZ,财信证券,未知Unknown
三一重工,中联重科,我们测算“新徐工”，2021，年备考，PS，为，0.6，倍，三一重工（1.8，倍）、中联重科（0.8，倍）,2021-11-02 00:00:00.000,600031,000157.SZ,浙商证券,同行
至纯科技,金宏气体,可比公司方面，选取至纯科技、金宏气体作为可比公司，2022年对应的平均PE倍数为32.08倍；对应2022年净利2.56亿元，EPS1.00元/股，2022年目标价格31.97元/股，首次覆盖给予买入评级,2021-11-02 00:00:00.000,603690.SH,688106,天风证券,同行
京东方,士兰微,经过多年发展，公司形成了以平板显示、半导体为重点的经营格局，在平板显示领域拥有京东方、中电彩虹等知名企业客户，在半导体及LED领域成功进入中芯国际、士兰微等企业核心供应链，多元化业务格局显著提升了公司的抗风险能力,2021-11-02 00:00:00.000,000725.SZ,600460.SH,财信证券,未知Unknown
中国长城,长城信息,本次分拆上市后，中国长城及其他下属企业将继续集中资源发展除长城信息主业之外的业务，进一步增强中国长城独立性,2021-11-02 00:00:00.000,000066.SZ,000748.SZ,太平洋,上级
森特股份,亚玛顿,公司持有森特股份24.28%的股权，为其第二大股东，有望结合森特股份在建筑屋顶设计、维护上的优势，合作推动BIPV业务的开发；此外，公司已与亚玛顿签订合作协议，共同研发用于BIPV的1.6mm超薄玻璃，进一步减轻结构重量，持续优化BIPV产品结构，满足建安需求，拓展更多应用场景，有望打开BIPV业务的成长空间,2021-11-01 00:00:00.000,603098.SH,002623.SZ,国盛证券,合作
中科电气,亿纬锂能,与中科电气合作建设负极产能，供应链布局进一步完善公司拟与中科电气合作设立合资公司，计划投资总额为人民币25亿元，其中亿纬锂能持股40%，中科电气持股60%,2021-11-01 00:00:00.000,300035.SZ,300014.SZ,国元证券,合作
迈瑞医疗,泰坦科技,公司新客户验证持续推进，2021H1新增客户百余家，已与Vertiv、迈瑞医疗、泰坦科技、长城电源等优质客户开展合作,2021-11-01 00:00:00.000,300760.SZ,688133,国海证券,合作
国轩高科,金银河,国轩高科近日宣布从金银河采购锂电池合浆、涂布、辊压分切设备及其包装、运输、安装调试等服务，合同总金额达7.13亿元,2021-11-01 00:00:00.000,002074.SZ,300619.SZ,开源证券,供应
英威腾,菱电电控,公司各品类升级卓有成效，，IGBT，方面，，公司，IPM，模块在白电领域享有广泛知名度，客户囊括美的、格力等龙头，全面替代日系厂商；工控打入汇川、英威腾等供应；汽车，IGBT，于菱电电控、零跑等批量，并交付国内多家知名厂商测试；光伏亦已推出产品，加大与国内龙头客户验证进程；均有望于，22年获得较大营收突破,2021-11-01 00:00:00.000,002334.SZ,688667,信达证券,同行
东方财富,中泰证券,一方面，公司进一步拓展新一代证券综合业务平台，，FS2.0，，的应用场景，，FS2.0，，是基于金证开放云原生技术平台（KOCA），采用分布式、微服务理念规划设计的，其核心子系统后台业务管理系统已在东方财富证券上线，并在中泰证券清算系统实现技术上线,2021-11-01 00:00:00.000,300059.SZ,600918,太平洋,未知Unknown
中信出版,中国出版,根据新榜数据，2021H1中信出版位于出版集团新媒体影响力第二，仅次于中国出版集团,2021-11-01 00:00:00.000,300788.SZ,601949.SH,国盛证券,同行
步步高,美凯龙,为实现合川步步高项目经营效益最大化，公司决定投资改造合川步步高项目后，向红星美凯龙商管公司整体出租，月平均租金22.3元/平方米、租期15年,2021-11-01 00:00:00.000,002251.SZ,601828,光大证券,供应
天合光能,中国电信,受此影响，同行多降价应对，成本端方面原材料价格仍较高，故利润受损；2）直销渠道方面，盘厂、电力客户具有“类经销”属性，因盘厂占直销比重较高，故受前述因素影响、直销渠道利润同样承压；尽管房地产政策对新开工面积有压制，但地产低压电器仍以存量替代为主，我们推算2021Q3同比增长仍较快；新能源、通信等新兴领域绑定天合光能、中国电信等头部客户供货，大客户订单后续逐步落地，此外公司积极探索分布式光伏、IDC配电房等增量市场机会,2021-11-01 00:00:00.000,688599,601728,东吴证券,同行
比亚迪,阳光电源,同时，公司绑定多个下游客户，如华为、比亚迪、阳光电源、ABB、锦浪、格力、美的等，合作关系稳定，有充足订单支撑，前景明朗,2021-11-01 00:00:00.000,002594.SZ,300274.SZ,华西证券,合作
石头科技,倍轻松,三、投资建议预计2021-2023年EPS分别为3.48、4.51与5.68元，对应PE分别为49x、38x与30x，当前行业可比公司（石头科技、倍轻松与九号公司）平均Wind一致预期为55x,2021-11-01 00:00:00.000,688169,688793,民生证券,同行
科沃斯,极米科技,三、投资建议预计，2021-2023，年，EPS，分别为，24.30、，31.48，与，40.67，元，对应，PE，分别为，37x、，29x，与，22x，当前行业可比公司（科沃斯、极米科技）2021，年平均，Wind，一致预期为，52x，公司当前估值水平低于可比公司平均,2021-11-01 00:00:00.000,603486.SH,688696,民生证券,同行
深信服,安恒信息,目前可比公司深信服、安恒信息在，Wind，一致预期下对应，21，年，PS，均值为，12，倍，公司估值仍有提升空间,2021-11-01 00:00:00.000,300454.SZ,688023.SH,民生证券,同行
东阳光,华锋股份,公司在，A，股可比上市公司包括东阳光、新疆众合、华锋股份，考虑到公司在技术和规模上的业内领先地位，应当享有更高的溢价，基于，2022，年给予，27，倍，PE，对应目标价：39，元，上调至“买入”评级,2021-11-01 00:00:00.000,600673.SH,002806.SZ,东方财富证券,同行
邮储银行,光大银行,商业银行领域，邮储银行HR项目、光大银行HR项目纷纷落地,2021-10-31 00:00:00.000,601658,601818.SH,国盛证券,同行
大华股份,瑞芯微,10月28日大华股份联合发布新一代安防NVR产品，该NVR采用公司RK3568芯片，搭载全新Armv8.2-A四核A55架构，GPU为双核心架构的Mali-G52，内置瑞芯微自研第三代独立NPU，算力达1Tops，确保后端设备数据处理的稳定性及高效性,2021-10-31 00:00:00.000,002236.SZ,603893,天风证券,合作
长城汽车,宁德时代,公司的客户多为全球知名整车企业或零部件供应商，除特斯拉外，公司不断开拓客户，采埃孚、长城汽车、宁德时代等客户,2021-10-31 00:00:00.000,601633.SH,300750.SZ,国海证券,供应
宁德时代,亿纬锂能,另外，公司新能源汽车电池包业务开拓顺利，目前已取得宁德时代、亿纬锂能、赛科利等多个客户电池包零部件项目,2021-10-31 00:00:00.000,300750.SZ,300014.SZ,国海证券,供应
东南网架,福斯特,与东南网架成立合资公司，，推进光伏建筑一体化发电：，9，月，7，日，东南网架发布公告称，拟与福斯特共同出资成立浙江东南网架福斯特碳中和科技有限公司，，福斯特出资，5000，万元，占股，25%,2021-10-31 00:00:00.000,002135.SZ,603806.SH,华金证券,合作
美格智能,中国联通,2021年9月，美格智能中标中国联通5G数传模组采购项目和AIoT智能模组,2021-10-31 00:00:00.000,002881.SZ,600050.SH,东吴证券,供应
药明康德,博腾股份,，2021-2023年，预计公司实现归母利润，9.42/12.96/17.94，亿，元，，，EPS，分，别为3.85/5.30/7.33，元，当前股价对应的，PE，分别为，102.22/74.26/53.66，倍，考虑到：（，1），未来，3，年，公司业绩增速有望保持在，30%-35%的水平，且确定性高；（，2）公司近，3，年，PE（，TTM），的平均数为，77.14，倍、中位数为，79.33，倍；（，3），同业公司药明康德、博腾股份，2022，年的，PE分别为，69.19、，79.47，倍；我们给予公司，2022，年，70-80，倍，PE，对应的目标价为，371.00-424.00，元/股，维持公司“，谨慎推荐”评级,2021-10-30 00:00:00.000,603259.SH,300363.SZ,财信证券,未知Unknown
宁德时代,先导智能,公司与下游第一大龙头宁德时代深度绑定，根据公司与宁德时代的协议，宁德时代按不低于电芯生产核心设备（包括涂布、卷绕、化成等）新投资额50%的额度给予先导智能优先权,2021-10-30 00:00:00.000,300750.SZ,300450.SZ,申港证券,供应
朗新科技,智慧能源,能源数字化平台快速推进，充电桩等新兴业务板块有望持续推进：朗新科技基于B端电力市场化营销能力搭建C端业务平台，目前平台能力已涵盖生活缴费、充电桩、公共交通、停车服务、智慧能源等场景,2021-10-30 00:00:00.000,300682.SZ,600869.SH,东吴证券,未知Unknown
东方雨虹,高能环境,商业模式与工业管理存在协同，东方雨虹有望进一步赋能高能环境，助力高能腾飞,2021-10-29 00:00:00.000,002271.SZ,603588.SH,东吴证券,合作
亿纬锂能,宁德时代,产能率先扩张，一体化布局加速，成本优势突出，2022年我们预计连续翻番；2021年公司满产满销，公司现有产能12万吨，其中4万吨曲靖二期建设完成，Q3逐步投产，我们预计全年出货量达9万吨，此外规划亿纬锂能合资10万吨，宁德时代合资8万吨，我们预计2022年Q3投产，叠加新型铁锂10万吨，产能超40万吨,2021-10-29 00:00:00.000,300014.SZ,300750.SZ,东吴证券,未知Unknown
捷佳伟创,隆基股份,RPD设备是捷佳伟创2018年获得日本住友中国大陆地区唯一销售制造授权的一款高端技术产品，捷佳伟创深耕三年后，RPD产品终见成效，助力隆基股份先后创造了25.82%、26.30%两个世界纪录,2021-10-29 00:00:00.000,300724.SZ,601012.SH,东莞证券,未知Unknown
卫士通,中电科,卫士通控股股东中国网安是公司实控人中电科集团根据国家安全战略发展需要重点打造的网络安全子集团，，卫士通围绕重要数据和个人信息保护、数据安全流通等数据安全重要方向，重点布局隐私计算，从秘密分享、同态加密等底层密码技术、隐私计算安全产品、数据共享商业模式等多个层面同时推进，打造数据安全合规共享生态,2021-10-29 00:00:00.000,002268.SZ,600877.SH,国盛证券,上级
时代电气,新兴装备,时代电气(688187)轨交装备立身之本，新兴装备开拓新市场时代电气是我国轨道交通行业具有领导地位的牵引变流系统供应商，可生产覆盖机车、动车、城轨领域多种车型的牵引变流系统,2021-10-29 00:00:00.000,688187,002933.SZ,天风证券,供应
川能动力,四川路桥,据川能动力公告，川能动力拟向四川路桥转让其持有的四川能投锂业有限公司5%股权，能投锂业所在的李家沟矿区现已经探明的矿石资源储量为3881万吨，氧化锂（Li2O）储量50.22万吨，平均品位1.30%，属于我国少有的储量巨大、品位优良、矿石加工选冶性能良好，资源综合利用价值高的稀有金属锂矿，当前正在建设中,2021-10-29 00:00:00.000,000155.SZ,600039.SH,国盛证券,投资
新天然气,深圳燃气,"投资建议：根据三季报数据,上调2021-2023年归母净利润预测38.3/45.1/52.5亿（前值32/35/42亿），对应PE分别为13.1/11.1/9.6倍，选取覆盖天然气产业链上中下游的可比公司新天然气、九丰能源和深圳燃气，可比公司2022年平均PE为14.58倍，给予公司2022年15倍PE，目标价23.7元，维持“买入”评级",2021-10-29 00:00:00.000,603393.SH,601139.SH,天风证券,未知Unknown
宁德时代,比亚迪,目前公司江西工厂正持续批量供应宁德时代，并新增批量客户比亚迪、力神等；射洪基地5万吨磷酸铁锂正极材料项目预计于年内批量供应；年产25万吨磷酸铁锂正极材料项目计划于2021年下半年建设，一期6万吨预计于2022年年底前实现投产，另有19万吨产能将适时建设,2021-10-29 00:00:00.000,300750.SZ,002594.SZ,天风证券,供应
金龙鱼,梅花生物,此外，公司化工主要产品烧碱、聚醚、盐酸2018年后分别通过食品级认证，进入食品行业，成为金龙鱼油、梅花生物等企业的供应商,2021-10-29 00:00:00.000,300999,600873.SH,中航证券,供应
四川路桥,川能动力,2）公司于2021年10月28日与四川路桥建设集团股份有限公司签订了《股权交易意向协议》，川能动力拟向四川路桥转让持有的四川能投锂业有限公司5%股权,2021-10-29 00:00:00.000,600039.SH,000155.SZ,华西证券,投资
川能动力,四川路桥,转让能投锂业5%股权，期待后续合作同时，川能动力拟向四川路桥转让持有的四川能投锂业有限公司5%股权,2021-10-29 00:00:00.000,000155.SZ,600039.SH,华西证券,合作
川能动力,四川路桥,川能动力和四川路桥，分别作为四川省能源投资集团和四川省蜀道集团旗下的上市公司，是具体合作项目的实施平台，现今双方已在资源互补上迈出了第一步，期待两家公司后续更多更深入的合作,2021-10-29 00:00:00.000,000155.SZ,600039.SH,华西证券,合作
比亚迪,四川路桥,10月20日，四川能投和比亚迪同时战略入股四川路桥，同时本次马边磷矿项目比亚迪也参与其中,2021-10-29 00:00:00.000,002594.SZ,600039.SH,华西证券,投资
川能动力,四川路桥,公司作为四川能投新能源板块资本运作的唯一平台，将直接受益于大股东的战略布局，此次川能动力与四川路桥合作开发马边磷矿就是最好的落地案例，我们也期待川能动力后续与业内其余龙头的合作方案落地,2021-10-29 00:00:00.000,000155.SZ,600039.SH,华西证券,合作
山西焦化,山煤国际,一方面，焦煤集团现有上市平台有山西焦煤、南风化工、山西焦化和山煤国际，2021Q1资产证券化率为30.1%，山西焦煤并入华晋焦煤后，集团总体资产证券化率或达36.1%，远低于80%,2021-10-29 00:00:00.000,600740.SH,600546.SH,国盛证券,同行
中际旭创,光迅科技,参考行业历史估值，自收购苏州旭创后，近5年中际旭创PE（TTM）在35-188X；光迅科技PE（TTM）37-73X,2021-10-29 00:00:00.000,300308.SZ,002281.SZ,国盛证券,未知Unknown
金刚玻璃,爱康科技,2021年公司先后中标了金刚玻璃、华晟新能源、爱康科技等HJT设备整线订单,2021-10-29 00:00:00.000,300093.SZ,002610.SZ,平安证券,供应
光环新网,奥飞数据,预计公司21-23年EBITDA为7.79/10.22/13.08亿元，EV/EBITDA为15/12/9X，我们预测的行业可比公司光环新网、奥飞数据、科华数据21年平均EV/EBITDA为16X，维持“推荐”评级,2021-10-29 00:00:00.000,300383.SZ,300738.SZ,民生证券,同行
金刚玻璃,通威股份,公司与与安徽华晟、金刚玻璃、通威股份、阿特斯合作，截止2021年9月，公司HJT设备在手订单达18亿（据公司公告），预计对应订单量超4GW,2021-10-29 00:00:00.000,300093.SZ,600438.SH,浙商证券,合作
比亚迪,长城汽车,趋势上看，智能座舱产品凭借高性价比及易于感知特性，渗透率快速提升，大屏化、多屏融合为主要发展方向，2018年起公司推进传统产品向智能座舱方向转型：1）核心产品车载信息娱乐系统2020年相继突破丰田（印尼）、马鲁蒂铃木(印度)等白点客户，并获得原有核心客户新项目订单；新产品多屏智能座舱现已在多家国内领先车企车型中配套供货，并获得一汽红旗、广汽乘用车、长安等新项目订单，基于Hypervisor的新一代智能座舱亦于2020年量产；2）受益车载显示屏高清化大屏化，公司新兴业务显示模组及系统、液晶仪表亦获得较好发展，2020年均实现同比100%以上增长，液晶仪表现已配套比亚迪、广汽乘用车、吉利、长城等重点车企；智能座舱域控制器、数字化仪表等获得一汽丰田、长城汽车、吉利汽车、广汽乘用车、奇瑞汽车、比亚迪等主流车企新项目订单；3）其他方面，公司已与华为签署全场景智慧出行生态解决方案合作协议，围绕HiCar解决方案平台级合作、测试能力共建、车载生态联合创新等方面建立深度合作项目,2021-10-29 00:00:00.000,002594.SZ,601633.SH,华西证券,同行
云南白药,国际医学,与此同时，云南白药集团北京有限公司成立，未来将作为“北京大学—云南白药国际医学研究中心”投资建设主体，快速高效推动项目落地，依托北大学术资源和人才引进优势，推进肿瘤学、创伤骨科、药学、口腔医学、医学美容5个领域的合作,2021-10-29 00:00:00.000,000538.SZ,000516.SZ,光大证券,未知Unknown
移远通信,广和通,根据，Counterpoint，的统计数据，全球蜂窝物联网模组季度出货量在二季度超过，1，亿，移远通信、广和通和，Telit的收入排在全球前三位，移远通信占比约为，21.2%，参考同行业公司业绩增长情况，我们认为三季度后公司全球龙头地位更加稳固，份额继续提升,2021-10-29 00:00:00.000,603236.SH,300638.SZ,东方财富证券,同行
上海家化,贝泰妮,客户方面，公司主要客户涵盖国内外知名日化公司和新锐品牌，包括强生、上海家化、贝泰妮、郁美净、百雀羚、壳牌等,2021-10-28 00:00:00.000,600315.SH,300957,中国银河,供应
上海家化,贝泰妮,公司的主要客户均为全球和国内知名的化妆品、日化产品厂商及新兴品牌商，包括强生、上海家化、贝泰妮、郁美净、百雀羚、多特瑞、维多利亚的秘密、壳牌、利洁时、拜尔斯道夫、保利沃利、尚赫（天津）科技开发有限公司、天津气味悦泽化妆品有限公司、贝亲、联合利华、宝洁等，遴选合格供应商的认证程序严格复杂且历时较长,2021-10-28 00:00:00.000,600315.SH,300957,中国银河,同行
比亚迪,亿纬锂能,公司聚焦优质客户，21H1的CR5达到90%，主要客户包括CATL、比亚迪和亿纬锂能等，其中CATL上半年占公司出货的50%，主要客户快速增长带来公司产能利用率同比提升，21Q2单吨净利为0.43万元左右，21Q3达到0.6万元左右，环比提升明显,2021-10-28 00:00:00.000,002594.SZ,300014.SZ,民生证券,未知Unknown
深南电路,华正新材,三、，投资建议我们预计公司，2021-2023，年归母净利润分别为，28.60/35.18/42.87，亿元，对应，PE，倍数18X/15X/12X，选取深南电路、，华正新材为可比公司，，21，年平均，PE，估值为，25X（，wind一致预期）,2021-10-28 00:00:00.000,002916.SZ,603186.SH,民生证券,未知Unknown
中国平安,华夏幸福,中国平安3Q21年归母净利润816.4亿元，同比-20.8%，主要仍受上半年华夏幸福减值影响，但三季度并未进一步计提,2021-10-28 00:00:00.000,601318.SH,600340.SH,信达证券,同行
迎驾贡酒,口子窖,迎驾贡酒为什么过去几年表现平平？2007年-2010年，迎驾贡酒曾凭借迎驾银星拿下合肥市场大众白酒销量冠军，强渠道力+差异化策略（生态概念）助推其成为徽酒“四朵金花”的探花，但后来逐步被口子窖、宣酒等酒企相继超越；深度调整期间，产品结构偏低+政务消费占比低使得其业绩波动较小，但当行业结束调整期后，消费升级+消费人群结构转变背景下，迎驾贡酒品牌定位不高、产品结构偏低、产品升级速度落后、营销组织老化等问题逐步暴露，对此，公司采取系列积极改革举措，比如：1）发扬“生态美酒”文化，品牌定位得到提升；2）精耕省内市场，省外集中资源重点开发；3）“223”战略谱新篇，扁平化战略赋能渠道；4）产品矩阵持续优化（精简SKU，聚焦卡位升级价位的高端生态洞藏系列），其中2015年推出的高端洞藏系列已于18年完成核心市场布局，至此公司实现多维度升级，喜迎新机,2021-10-28 00:00:00.000,603198.SH,603589.SH,浙商证券,供应
珀莱雅,人民网,品牌输出了有情绪共鸣的爱情主张，也塑造一个温暖、治愈的品牌形象；6月，珀莱雅推出“致敬每一个去发现的人”高燃混剪片，邀请知名作家郝景芳、人民网一同向每个时代的发现者致敬,2021-10-28 00:00:00.000,603605.SH,603000.SH,中国银河,合作
奇安信,安恒信息,目前公司市值对应21年PS为11倍，可比公司奇安信、安恒信息在Wind一致预期下21年PS均值也为11倍,2021-10-28 00:00:00.000,688561,688023.SH,民生证券,同行
中国石化,恒力石化,2021年8月17日，中国石化联合会官网公示了2020年度石油和化工行业重点产品能效“领跑者”、水效“领跑者”名单和指标，恒力石化（大连）有限公司和恒力石化（大连）炼化有限公司均获评“2020年度石油和化工行业能效领跑者标杆企业”，其中精对苯二甲酸、原油加工、对二甲苯、醋酸四项产品能效行业领跑,2021-10-28 00:00:00.000,600028.SH,600346.SH,国海证券,合作
中国石化,恒力石化,获评能效领跑者标杆企业，节能减碳背景下优势凸显2021年8月17日，中国石化联合会官网公示了2020年度石油和化工行业重点产品能效“领跑者”、水效“领跑者”名单和指标，恒力石化（大连）有限公司和恒力石化（大连）炼化有限公司均获评“2020年度石油和化工行业能效领跑者标杆企业”，其中精对苯二甲酸、原油加工、对二甲苯、醋酸四项产品能效行业领跑，单吨能耗分别为32.4千克标准煤、6.82千克标油、576.7千克标准油和262.6千克标准油,2021-10-28 00:00:00.000,600028.SH,600346.SH,国海证券,未知Unknown
中国石化,宝丰能源,2021，年，8，月，17，日，中国石化联合会官网公示了，2020，年度石油和化工行业重点产品能效“领跑者”、水效“领跑者”名单和指标，，宝丰能源在煤制烯烃生产企业评比中荣获第一名,2021-10-28 00:00:00.000,600028.SH,600989.SH,国海证券,同行
中国石化,宝丰能源,工艺技术持续优化，，获能效“领跑者”标杆企业煤制烯烃生产企业第一名，节能减碳优势凸显2021，年，8，月，17，日，中国石化联合会官网公示了，2020，年度石油和化工行业重点产品能效“领跑者”、水效“领跑者”名单和指标，宝丰能源在煤制烯烃生产企业评比中荣获第一名,2021-10-28 00:00:00.000,600028.SH,600989.SH,国海证券,未知Unknown
百润股份,李子园,选取农夫山泉、百润股份、李子园为可比公司，22年平均PE为37X（wind一致预期）,2021-10-28 00:00:00.000,002568.SZ,605337,民生证券,同行
华夏幸福,中国平安,华夏幸福于9月30日公布债务清偿方案，拟通过出售资产、信托受益权份额抵债、卖出资产回笼资金等手段，安排清偿金融债务规模达2192亿元，体现了其不逃废债的决心，后续若华夏幸福经营步入正轨，其对于中国平安的冲击有望告一段落,2021-10-28 00:00:00.000,600340.SH,601318.SH,东吴证券,未知Unknown
汇川技术,海康威视,公司获取新项目寿命期内预计新增收入再创新高，新增法雷奥、大陆、联合电子、埃贝赫、日本电产、博格华纳、汇川技术、邦奇、海康威视、舜宇集团、速腾聚创、蔚来、零跑等电动智能化项目，2021H1获得新能源汽车项目、热管理系统项目、汽车视觉系统项目寿命期内预计新增销售收入占比超过50%,2021-10-28 00:00:00.000,300124.SZ,002415.SZ,华西证券,同行
长城汽车,长安汽车,三季度核心客户受芯片短缺影响，产品结构优化带来毛利率改善：1）三季度受东南亚疫情带来的芯片短缺的持续影响，全国乘用车产量环比-0.12%，公司核心客户长城汽车、长安汽车产量环比分别为-0.12%/-2.32%,2021-10-28 00:00:00.000,601633.SH,000625.SZ,东吴证券,未知Unknown
宁德时代,比亚迪,新能源领域已经打开，产品已经获得宁德时代、ATL、比亚迪、孚能等全球知名企业认可,2021-10-28 00:00:00.000,300750.SZ,002594.SZ,天风证券,同行
海油工程,东方雨虹,公司品牌影响力显著提升，签约中石油、中石化、中海壳牌石化、海油工程，石化行业优势持续扩大；落地东方雨虹智能工厂项目，外部行业扩张凸显高成长性,2021-10-28 00:00:00.000,600583.SH,002271.SZ,开源证券,供应
移远通信,广和通,三、投资建议我们预计公司2021-2023年归母净利润分别为1.88/2.81/4.09亿元，对应PE倍数40X/27X/18X，选取移远通信、广和通为可比公司，21年平均PE估值为59X（wind一致预期）,2021-10-27 00:00:00.000,603236.SH,300638.SZ,民生证券,同行
双良节能,上机数控,加强供应链管理，硅片供应保障能力进一步提升：10月26日，公司发布公告称，分别与双良节能和上机数控签订重大采购合同，以锁定未来几年的硅片供应,2021-10-27 00:00:00.000,600481.SH,603185.SH,华金证券,合作
兖州煤业,中信特钢,公司已经与兖州煤业、中信特钢等公司推出了部分示范项目，项目的运营情况良好，未来的合作空间广阔,2021-10-27 00:00:00.000,600188.SH,000708.SZ,上海证券,合作
明阳智能,运达股份,，客户合作方面，，公司作为国内海风装机巨头明阳智能、运达股份等的重要供应商，将充分受益海风装机高景气,2021-10-27 00:00:00.000,601615.SH,300772.SZ,东吴证券,供应
科大讯飞,寒武纪,科大讯飞(002230)投资要点2021前三季度业绩超预期，经营性回款同比增长66%（1）2021年前三季度，实现营收108.68亿元，同比增长49.20%；归母净利润7.29亿元，同比增长31.48%；扣非后归母净利润5.15亿元，同比增长512.91%，业绩超预期，本期确认三人行、寒武纪等公允价值变动收益同比减少3.25亿元，一定程度影响净利润增长,2021-10-27 00:00:00.000,002230.SZ,688256,浙商证券,未知Unknown
上机数控,双良节能,公司与上机数控、双良节能分别签订硅片长单协议，在2021年11月-2023年12月向上机数控采购7.8亿片(约4.5GW)单晶硅片，公司预计该框架合同采购金额约为50.09亿元（含税），在2022年1月至2024年12月向双良节能采购21亿片(约12GW)单晶硅片，公司预计该框架合同采购金额约为144.27亿元（含税），每月定价,2021-10-27 00:00:00.000,603185.SH,600481.SH,东吴证券,合作
厦门钨业,宁德时代,公司锂盐下游客户拓展情况良好，长期合作客户包括洛克伍德、巴莫科技、厦门钨业、杉杉能源、宁德时代、LGI等行业领先企业,2021-10-26 00:00:00.000,600549.SH,300750.SZ,华西证券,合作
厦门钨业,宁德时代,公司锂盐下游客户拓展情况良好，长期合作客户包括洛克伍德、巴莫科技、厦门钨业、杉杉能源、宁德时代、LGI等行业领先企业,2021-10-26 00:00:00.000,600549.SH,300750.SZ,华西证券,合作
华海药业,中国医药,公司目前已有阿斯利康、诺华制药、华海药业、扬子江药业等2000余家客户，与80%中国医药工业百强企业建立合作关系,2021-10-26 00:00:00.000,600521.SH,600056.SH,天风证券,合作
中国电信,中兴通讯,海外市场借助，4G，现代化改造、，5G，新建、固网的光纤化转型、承载网升级以及家庭宽带产品升级换代等市场机会，持续进行优势产品的格局优化，实现健康经营我们认为，对于中兴所涉及运营商业务我们应该紧盯“运营商集采规模”，和“中兴份额”，，中兴运营商业务发展的核心，，我们认为主要靠“中兴市场格局与技术水平的提升”，，今年我们看到中兴在运营商服务器、路由器和基站等领域持续中标突破，，本次中国电信，A，股上市和中国移动拟，A，股上市募资将投向云网和，5G，，中兴通讯有望核心受益,2021-10-26 00:00:00.000,601728,000063.SZ,信达证券,未知Unknown
盾安环境,三花智控,根据产业在线数据，2021年上半年，盾安环境空调阀件内销达到1.56亿只，同比增长66.80%，三花智控紧随其后，内销同比增长56.1%至1.09亿只,2021-10-26 00:00:00.000,002011.SZ,002050.SZ,信达证券,未知Unknown
盾安环境,三花智控,从市占率来看，盾安环境的内销占比从20Q4起超过三花智控回到行业第一的位置，上半年盾安环境内销总占比达到39.20%，比三花智控高出4.9pct,2021-10-26 00:00:00.000,002011.SZ,002050.SZ,信达证券,同行
宁德时代,比亚迪,高成长赛道龙头竞争优势明显，持续研发产能投入拓展新能源市场机器视觉行业发展空间巨大，公司作为机器视觉国内龙头，对标国外基恩士、康耐视，在3C领域，长期作为苹果的机器视觉的主要国产供应商，同时积极布局延伸至锂电新能源、光伏、半导体等新应用领域，并已获得宁德时代、比亚迪、孚能等大客户认可，增量市场空间有望迅速打开,2021-10-26 00:00:00.000,300750.SZ,002594.SZ,浙商证券,供应
宁德时代,科士达,，投资收益玮收购宁德时代科士达股权增值所致、公允价值变动收益为理财产品公允价值变动所致,2021-10-26 00:00:00.000,300750.SZ,002518.SZ,财信证券,未知Unknown
科士达,宁德时代,时代科士达为公司与宁德时代合作投资设立，，致力于储能及相关业务,2021-10-26 00:00:00.000,002518.SZ,300750.SZ,财信证券,合作
宁德时代,科士达,，公司经营风格稳健、资产负债表扎实，数据中心产品力受到行业认可，合资公司宁德时代科士达的投产有望在储能方向开辟新渠道空间，，给予公司，2022，年业绩合理市盈率区间，40-42，倍，合理区间为，36.4-38.2，元，维持“推荐”评级,2021-10-26 00:00:00.000,300750.SZ,002518.SZ,财信证券,合作
中信建投,中国电信,，10，月，21，日公司发布定增发行情况报告书，，本次向特定对象共发行，411.23，万股，本次发行对象最终确定为5，家，分别为中信建投证券股份有限公司、，J.P.Morgan，Securities，plc、Janchor，Partners，Limited（建峖实业投资）、葛卫东以及中国电信集团投资有限公司,2021-10-26 00:00:00.000,601066.SH,601728,首创证券,未知Unknown
宁德时代,比亚迪,公司亦是目前国内唯一一家全面进入海外动力电池供应链体系的湿法隔膜供应商，，主要客户包括松下、，LG化学、三星SDI、宁德时代、国轩、比亚迪、孚能、力神等超过20家国内外主流锂电池企业,2021-10-26 00:00:00.000,300750.SZ,002594.SZ,东莞证券,同行
中环股份,有研新材,公司与中环股份、有研新材等知名企业保持长期战略合作关系,2021-10-26 00:00:00.000,002129.SZ,600206.SH,浙商证券,合作
连云港,卫星石化,平安观点：景气度回升和连云港乙烯项目投产助力业绩同环比大增：公司业绩同环比大增的主要原因包括：1）石油化工产品景气度大幅提升，公司C3业务主要产品聚丙烯、丙烯酸、丙烯酸酯等价格持续回升，三季度聚丙烯市场价格从8600元提升至9500元，丙烯酸价格从11000元涨到18000元，丙烯酸丁酯的价格从17000元冲高至20000元左右后回落至18000元左右；2）公司连云港125万吨轻烃制乙烯项目5月份投产后，三季度对利润贡献较大，我们在前期的报告《卫星石化乙烷裂解项目盈利预测及敏感性分析20201020》中对该项目的长期盈利中枢做了估算和多因素敏感性分析，其中一年期回测和三年期回测的结果为年化24和38亿元，从季报数据来看，公司三季度单季比二季度单季新增净利7.7亿元，比一季报净利新增13.6亿元（含C3业务）,2021-10-25 00:00:00.000,601008.SH,002648.SZ,平安证券,未知Unknown
旭升股份,三花智控,对标轻量化和热管理行业内优质公司旭升股份和三花智控等，2022年平均PE估值在30倍左右,2021-10-25 00:00:00.000,603305.SH,002050.SZ,财信证券,未知Unknown
国轩高科,富临精工,综合竞争优势明显，坚定看好公司向新能源材料方向转型：公司目前围绕磷酸铁锂上游磷源已规划磷酸铁及净化磷酸项目，可以全面服务磷酸铁锂多条技术路线，客户方面已与国轩高科及富临精工等签订战略合作协议,2021-10-25 00:00:00.000,002074.SZ,300432.SZ,国盛证券,合作
阳光电源,固德威,，与如阳光电源、，固德威、德业等光伏储能头部客户建立合作，，后续更有望迎来快速业绩释放,2021-10-25 00:00:00.000,300274.SZ,688390,信达证券,合作
中信建投,中国电信,定增成功落地，核心竞争力持续夯实公司向中信建投证券、J.P.Morgan，Securities，plc、建峖实业投资、葛卫东以及中国电信等共计5家发行对象完成13.11亿元定增，发行价格为324.23元/股，发行价格与发行期首日前20个交易日均价的比率为100.00%，高发行价彰显了资金方对公司未来发展的信心,2021-10-25 00:00:00.000,601066.SH,601728,开源证券,未知Unknown
中信建投,中国电信,，2021，年，10，月，20日，公司公告本次发行价格，324.23，元，中信建投证券股份有限公司、J.P.Morgan，Securities，plc、，Janchor，Partners，Limited（建峖实业投资）、葛卫东以及中国电信集团投资有限公司共计，5，家投资者获配,2021-10-25 00:00:00.000,601066.SH,601728,太平洋,未知Unknown
宁德时代,科士达,2019年公司与宁德时代合资成立时代科士达专注储能PCS、储能PACK和充电桩业务，公司持股比例为49%,2021-10-25 00:00:00.000,300750.SZ,002518.SZ,西南证券,合作
中信建投,中国电信,2021，年，10，月21，日，公司公告定增完成，中信建投证券、J.P.摩根、建峖实业投资和中国电信集团投资有限公司获得配额，本次发行价格为，324.23，元/股（以，2021，年，9，月，10日为基准日）,2021-10-25 00:00:00.000,601066.SH,601728,光大证券,未知Unknown
工商银行,东方通,2020年中国工商银行作为金融行业标杆，安装了东方通OA、声誉风控系统等产品，为全国金融行业信创改革提供示范和重点参考,2021-10-25 00:00:00.000,601398.SH,300379.SZ,华西证券,同行
宁德时代,比亚迪,②公司在巩固，3C，电子行业竞争优势的同时，逐步将能力圈拓展延伸至新能源、半导体、光伏等领域，产品已经获得宁德时代、，ATL、比亚迪、孚能等全球知名企业认可，成长空间将进一步打开,2021-10-24 00:00:00.000,300750.SZ,002594.SZ,东吴证券,供应
容百科技,当升科技,三元材料龙头供应商容百科技至年底计划扩产至12万吨，当升科技启动海外10万吨高镍正极产能升级计划，公司作为市场上稀缺的全流程正极材料生产服务商，仅2021年上半年，公司已经签订超15亿元订单，在手订单超20亿元，具备广阔发展空间,2021-10-22 00:00:00.000,688005.SH,300073.SZ,华西证券,供应
宁德时代,比亚迪,公司与宁德时代、比亚迪等众多国内外头部动力电池企业合作关系持续稳定，不断夯实锂电铜箔领域的市场地位,2021-10-22 00:00:00.000,300750.SZ,002594.SZ,西南证券,合作
中兴通讯,正泰电器,，客户包括海尔集团、中兴通讯、正泰电器、浙江德力西电器等行业头部公司,2021-10-21 00:00:00.000,000063.SZ,601877.SH,首创证券,同行
苏文电能,洛凯股份,苏文电能(300982)公司公告加码电力设备制造，上游延伸获得环节利润，维持“买入”评级2021年10月20日，公司公告与洛凯股份设立思贝尔电气有限公司，开展机电设备及配件、电器开关零部件及附件研发和制造等业务，其中苏文电能全资子公司思贝尔电能科技持有合资公司85%股权，洛凯股份持有合资公司15%股权,2021-10-21 00:00:00.000,300982,603829.SH,天风证券,合作
洛凯股份,正泰电器,洛凯股份深耕中高端配电器研发，具有一定市场地位洛凯股份主营业务为中高端高低压配电电器关键部附件的研发、生产，下游客户中国内外知名电气企业（例如通用电气、施耐德、正泰电器等）销售收入占总收入比例在60%左右，公司主要两大类产品断路器框（抽）架及断路器操作机构的市场份额分别约为10%、16%,2021-10-21 00:00:00.000,603829.SH,601877.SH,天风证券,供应
中信建投,中国电信,2021年10月20日，公司公告本次发行价格324.23元，中信建投证券股份有限公司、J.P.Morgan，Securities，plc、Janchor，Partners，Limited（建峖实业投资）、葛卫东以及中国电信集团投资有限公司共计5家获配投资者获配,2021-10-21 00:00:00.000,601066.SH,601728,太平洋,未知Unknown
交建股份,比亚迪,，公司公告拟在发行股份及支付现金购买蜀道集团旗下交建股份、高路建筑及高路绿化股权以解决同业竞争问题的方案中，引入四川能投集团与比亚迪作为战略投资者，，向其分别定增，7278/2911，万股，占定增前总股本，1.5%/0.6%，定增价，6.87，元/股，再加上公司拟向交投产融定增，2.6，亿股（占定增前总股本，5.5%），本次合计拟募资，25，亿元,2021-10-21 00:00:00.000,603815.SH,002594.SZ,国盛证券,投资
莱克电气,鱼跃医疗,依托全面的技术平台及产品组合优势，持续开拓国内国际头部客户公司具备较为全面的气体传感技术平台，产品已覆盖空气品质、环境监测、工业过程、安全监控、医疗健康、智慧计量等领域，已形成初具规模的产品组合，截至21年6月底，公司产品已配套于飞利浦、大金、松下、美的、格力、海尔、海信、小米、TCL、莱克电气、鱼跃医疗、捷豹路虎、一汽大众、一汽红旗、法雷奥、马勒、德国博世等国内外知名品牌的终端产品,2021-10-20 00:00:00.000,603355.SH,002223.SZ,天风证券,供应
中兴通讯,正泰电器,一方面将优势产品晶闸管、防护器件等产品导入下游龙头客户，如海尔集团、中兴通讯、正泰电器、德力西电器等；另一方面加大研发，实现MOSFET的产品落地和客户推广,2021-10-20 00:00:00.000,000063.SZ,601877.SH,开源证券,同行
赛意信息,美的集团,赛意信息(300687)报告要点：创始团队出身美的集团，制造业基因深植，全面布局智能制造业务公司脱胎于美的集团信息部，大股东及高管团队均在制造业IT领域具备丰富经验，创始团队互为一致行动人，目前共持有公司40.93%的股份,2021-10-19 00:00:00.000,300687.SZ,000333.SZ,国元证券,未知Unknown
长电科技,通富微电,，受益于半导体产能吃紧，国内半导体封装厂长电科技、通富微电等纷纷扩产，预计半导体封装设备需求较高,2021-10-19 00:00:00.000,600584.SH,002156.SZ,开源证券,同行
迪普科技,山石网科,各标包前三名依次为，a.高端（900G305台、600G778台）：新华三、华为、迪普科技；b.中端（240G346台、120G967台）：新华三、山石网科、华为、迪普科技,2021-10-18 00:00:00.000,300768.SZ,688030.SH,浙商证券,同行
迪普科技,信安世纪,（3）2021年7月16日，中国移动公示2021年至2023年WAF软件集采中标候选人，中标前四名依次为天融信、迪普科技、信安世纪、中移杭研，中标份额为40%、30%、20%、10%，中标金额为660、533、136、76万元,2021-10-18 00:00:00.000,300768.SZ,688201,浙商证券,未知Unknown
国电南瑞,易事特,三、投资建议我们预计公司2021-2023年归母净利润分别为1.52/1.85/3.42亿元，对应PE倍数25x/20x/11x，选取国电南瑞、易事特、国网信通为可比公司，21年平均PE估值为41X（wind一致预期）,2021-10-18 00:00:00.000,600406.SH,300376.SZ,民生证券,同行
山西汾酒,老白干酒,此外，公司在汽车、工程机械、医药、食品饮料等重点领域均有智能物流标杆工项目，客户包括DaimlerAG、威马汽车、大众汽车、山西汾酒、安徽口子酒业、衡水老白干酒业等业内知名公司,2021-10-18 00:00:00.000,600809.SH,600559.SH,信达证券,同行
中国电信,中国联通,2021Q3中国电信已开始招标采购智能机顶盒，加上中国联通的采购需求，我们预计2021年国内智能机顶盒采购总量将显着增加,2021-10-18 00:00:00.000,601728,600050.SH,开源证券,同行
比亚迪,长城汽车,趋势上看，智能座舱产品凭借高性价比及易于感知特性，渗透率快速提升，大屏化、多屏融合为主要发展方向，2018年起公司推进传统产品向智能座舱方向转型：1）核心产品车载信息娱乐系统2020年相继突破丰田（印尼）、马鲁蒂铃木(印度)等白点客户，并获得原有核心客户新项目订单；新产品多屏智能座舱现已在多家国内领先车企车型中配套供货，并获得一汽红旗、广汽乘用，车、长安等新项目订单，基于Hypervisor的新一代智能座舱亦于2020年量产；2）受益车载显示屏高清化大屏化，公司新兴业务显示模组及系统、液晶仪表亦获得较好发展，2020年均实现同比100%以上增长，液晶仪表现已配套比亚迪、广汽乘用车、吉利、长城等重点车企；智能座舱域控制器、数字化仪表等获得一汽丰田、长城汽车、吉利汽车、广汽乘用车、奇瑞汽车、比亚迪等主流车企新项目订单；3）其他方面，公司已与华为签署全场景智慧出行生态解决方案合作协议，围绕HiCar解决方案平台级合作、测试能力共建、车载生态联合创新等方面建立深度合作项目,2021-10-17 00:00:00.000,002594.SZ,601633.SH,华西证券,同行
长城汽车,比亚迪,，在智能座舱方面，，公司一芯多屏、，大屏化座舱产品、数字化仪表等获得一汽丰田、长城汽车、吉利汽车、广汽乘用车、奇瑞汽车、比亚迪等主流车企的新项目订单，有望受益于本轮自主品牌的快速崛起；在智能驾驶方面，，全自动泊车、，360，度高清环视等，ADAS，产品持续获得国内主流车企的新项目订单，代客泊车产品即将在多家主流车厂客户的新车型上配套量产，智能驾驶产品有望持续商业落地；在域控制器方面，，具备一定的领先优势，，搭载，OrinX，的自动驾驶域控制器，IPU04，目前已经获得理想汽车等多个项目定点，预计随着汽车电子架构的升级，公司域控制器将大幅量产,2021-10-17 00:00:00.000,601633.SH,002594.SZ,万联证券,未知Unknown
五粮液,山西汾酒,参考五粮液和山西汾酒的改革历史，公司未来改革进程有望加速，看好长期经营态势,2021-10-15 00:00:00.000,000858.SZ,600809.SH,东方证券,同行
三一重工,中联重科,我们测算“新徐工”2021年备考PS为0.6倍，三一重工（1.8倍）、中联重科（0.8倍）,2021-10-15 00:00:00.000,600031,000157.SZ,浙商证券,同行
中国银行,农业银行,在签约方面，公司在2021年新签约了中央人民政府门户二期项目和深圳市、吉林省、辽宁省、甘肃省等数字政府相关项目以及中国银行、农业银行、中国银联等企业数字化应用项目，前三季度新签合同金额较上年同期增长52.46%,2021-10-15 00:00:00.000,601988,601288.SH,财信证券,同行
中兴通讯,中国电信,，2021，年，9，月，中兴通讯与中国电信国际签订战略合作协议，双方将围绕，DICT，领域，在云网服务、，ICT、数据中心、国际化经营等方面展开全方位战略合作,2021-10-15 00:00:00.000,000063.SZ,601728,东吴证券,合作
中国电信,中兴通讯,我们认为，对于中兴所涉及运营商业务我们应该紧盯“运营商集采规模”和“中兴份额”，中兴运营商业务发展的核心，我们认为主要靠“中兴市场格局与技术水平的提升”，今年我们看到中兴在运营商服务器、路由器和基站等领域持续中标突破，本次中国电信A股上市和中国移动拟A股上市募资将投向云网和5G，中兴通讯有望核心受益,2021-10-15 00:00:00.000,601728,000063.SZ,信达证券,未知Unknown
莱克电气,鱼跃医疗,目前公司气体传感器已供货美的、格力、海尔、海信、小米、莱克电气、鱼跃医疗、飞利浦、大金和松下等国内外知名大客户,2021-10-14 00:00:00.000,603355.SH,002223.SZ,西南证券,供应
东风汽车,长城汽车,车载空气质量系统方面，公司是国内少数符合车规级要求的传感器企业，已获得捷豹路虎的项目定点，并进入一汽大众、东风汽车、长城汽车、吉利汽车、奇瑞汽车、车和家等整车厂的供应商体系,2021-10-14 00:00:00.000,600006.SH,601633.SH,西南证券,同行
移远通信,广和通,预期公司2021、2022、2023年营收有望分别达10.01亿元、14.35亿元、20.17亿元，归母净利润1.88亿元、2.82亿元、4.09亿元，对应PE倍数40.8x、27.3x、18.8x，参考物联网行业内两家可比公司移远通信、广和通2021年平均PE为59.25x，首次覆盖，给予“推荐”评级,2021-10-14 00:00:00.000,603236.SH,300638.SZ,民生证券,同行
西部超导,图南股份,中期来看，有效供给基本来自抚顺特钢、西部超导、图南股份这样成熟企业的产能稳步扩张，未来，2-3，年行业供给端格局不会发生明显变化,2021-10-14 00:00:00.000,688122.SH,300855,中航证券,同行
长城汽车,长安汽车,三季度核心客户受芯片短缺影响，扣除非经常性损益后利润环比增长：1）三季度受东南亚疫情带来的芯片短缺的持续影响，，全国乘用车产量环比-0.12%，公司核心客户长城汽车、长安汽车产量环比分别为-0.12%/-2.32%,2021-10-14 00:00:00.000,601633.SH,000625.SZ,东吴证券,未知Unknown
宁德时代,比亚迪,全年看，由于前3季度公司出货量达到8亿平，我们预计2021全年公司隔膜出货将达11亿平，同比增长近60%，其中湿法隔膜受益于宁德时代大规模采购，Q3起LG、海外三星、村田、SAFT等海外客户开始贡献新增量，我们预计湿法隔膜占比60%以上，干法受益于比亚迪刀片电池采购，出货占比接近40%，我们预计公司隔膜业务全年贡献3亿元以上利润,2021-10-14 00:00:00.000,300750.SZ,002594.SZ,东吴证券,供应
卫士通,中电科,卫士通控股股东中国网安是公司实控人中电科集团根据国家安全战略发展需要重点打造的网络安全子集团，卫士通围绕重要数据和个人信息保护、数据安全流通等数据安全重要方向，重点布局隐私计算，从秘密分享、同态加密等底层密码技术、隐私计算安全产品、数据共享商业模式等多个层面同时推进，打造数据安全合规共享生态,2021-10-14 00:00:00.000,002268.SZ,600877.SH,国盛证券,上级
世运电路,风华高科,，公司与世运电路、奈电签署《增资合同》，，世运电路将出资，7，亿元对奈电增资，增资完成后风华高科对奈电持股比例由，100%降至，30%，且奈电不再纳入风华高科合并报表,2021-10-13 00:00:00.000,603920.SH,000636.SZ,华西证券,合作
航天科技,霍莱沃,，其中，航天科技、航天科工、中国电子科技、航空工业为霍莱沃的现有客户，而中国兵器工业集团、中国科学院、成都亚光电子等则有望成为双方共享的客户资源,2021-10-13 00:00:00.000,000901.SZ,688682,华安证券,合作
志邦家居,金牌厨柜,然而细微之处，和志邦家居等企业不同，金牌厨柜整体的发展策略各有侧重，在进取之余，亦强调对于风险的控制,2021-10-13 00:00:00.000,603801.SH,603180.SH,亿翰智库,同行
南玻A,金晶科技,参考信义玻璃、南玻A和金晶科技2021年9.4倍的Wind一致预测PE，考虑到公司在浮法玻璃领域的领先地位以及品类扩张带来的未来高成长性，维持“推荐”评级,2021-10-13 00:00:00.000,000012.SZ,600586.SH,民生证券,未知Unknown
宁德时代,孚能科技,根据公司发布的公告显示，自2020年四季度开始，公司累计收到来自宁德时代、孚能科技的订单额约10.98亿元，是公司2020年5.02亿元收入的2.2倍，一方面对公司短期的业绩提供强有力的支撑，另一方面也证明了公司产品的硬实力,2021-10-12 00:00:00.000,300750.SZ,688567,中银证券,未知Unknown
京东方,维信诺,目前公司已向京东方、TCL华星、维信诺、天马等国内面板生产企业的6代AMOLED生产线供应蒸发源设备,2021-10-12 00:00:00.000,000725.SZ,002387.SZ,光大证券,供应
京东方,维信诺,同时公司也持续与下游客户进行行业技术交流，与京东方、维信诺、TCL华星等国内知名OLED面板厂商保持密切的合作关系,2021-10-12 00:00:00.000,000725.SZ,002387.SZ,光大证券,合作
莱克电气,鱼跃医疗,依托全面的技术平台及产品组合优势，持续开拓国内国际头部客户公司具备较为全面的气体传感技术平台，产品已覆盖空气品质、环境监测、工业过程、安全监控、医疗健康、智慧计量等领域，已形成初具规模的产品组合，截至21年6月底，公司产品已配套于飞利浦、大金、松下、美的、格力、海尔、海信、小米、TCL、莱克电气、鱼跃医疗、捷豹路虎、一汽大众、一汽红旗、法雷奥、马勒、德国博世等国内外知名品牌的终端产品,2021-10-12 00:00:00.000,603355.SH,002223.SZ,天风证券,供应
隆基股份,上机数控,公司在，2020，年末和，2021，年初已和行业龙头隆基股份、晶科能源和上机数控签订合计，25，亿元的长期采购协议；2021，年，9，月与硅片新进者包头美科和青海高景签订分别为，4，亿元和，10，亿元的长期合作协议，合计，14，亿元为公司，2020，年收入的，3.3，倍,2021-10-12 00:00:00.000,601012.SH,603185.SH,东吴证券,合作
亿纬锂能,孚能科技,"电池回收龙头公司卡位蓝海市场，将首先收益公司深耕电池回收，21H1梯级利用电池包出货量达11,606组，同比增长325%，公司有3家子公司位于国家电池回收建议白清单内，已与340家整车厂和电池厂签订合作协议，并不断扩大合作方，8月10日公司与亿纬锂能签署10,000吨镍产品定向循环利用合作备忘录；8月19日公司与孚能科技签署建设废旧动力电池及电池废料绿色处理产业链战略合作框架协议",2021-10-11 00:00:00.000,300014.SZ,688567,民生证券,未知Unknown
五粮液,泸州老窖,茅台终端成交价稳定在2000元以上，而五粮液和泸州老窖在千元左右价格带竞争，价格向上空间打开，公司量价政策操作空间较大,2021-10-11 00:00:00.000,000858.SZ,000568.SZ,东亚前海证券,同行
五粮液,泸州老窖,深耕成熟市场之后，潜力市场的成功开拓是全国化进程的重心：从五粮液和泸州老窖的发展路线上来看，双方除了品牌差距外，各自优势市场也有所不同,2021-10-11 00:00:00.000,000858.SZ,000568.SZ,东亚前海证券,同行
五粮液,泸州老窖,投资建议高端白酒消费持续扩容的向好趋势没有改变，高端白酒行业需求将持续保持增长，以茅台、五粮液、泸州老窖为代表的高端白酒品牌将持续受益,2021-10-11 00:00:00.000,000858.SZ,000568.SZ,东亚前海证券,同行
中国联通,美格智能,2021年9月14日，中国联通公告美格智能独家中标中国联通5GAIoT智能模组招投标项目；2021年9月16日，公司再次独家中标中国联通5G数传模组采购项目,2021-10-11 00:00:00.000,600050.SH,002881.SZ,东吴证券,供应
中兴通讯,正泰电器,，公司客户如海尔集团、中兴通讯、正泰电器、德力西电器等在前期小批量试用公司产品后不断加大采购力度，现已成为公司重要客户,2021-10-11 00:00:00.000,000063.SZ,601877.SH,开源证券,供应
中国平安,华夏幸福,中国平安(601318)事件概况9，月，30，日，华夏幸福发布债务重组计划，拟对，2192，亿元债务安排清偿，中国平安作为其第一大股东及主要债权人，风险敞口收窄，提振投资端收益,2021-10-10 00:00:00.000,601318.SH,600340.SH,浙商证券,未知Unknown
中国平安,华夏幸福,2、对中国平安的影响：，房地产投资风险改善，投资收益恢复常态（1）华夏幸福的直接影响：，自去年华夏幸福发生流动性危机，市场对中国平安的对应风险敞口甚为担忧，并对中国平安的投资能力开始质疑,2021-10-10 00:00:00.000,601318.SH,600340.SH,浙商证券,同行
中国平安,华夏幸福,截至，2020年年底，中国平安对华夏幸福的最大风险敞口共，553，亿，其中，，长期股权类投资，193，亿，债权类，360，亿,2021-10-10 00:00:00.000,601318.SH,600340.SH,浙商证券,未知Unknown
华夏幸福,中国平安,基于华夏幸福“不逃废债”的基本前提，得益于政府、监管、债权人的积极支持，预计中国平安后续无需继续计提减值，且可能将已经计提的217，亿元债权类资产进行部分转回，对于已经计提的，142，亿长股投，按照相关会计准则的谨慎性要求，无法转回，但可随着市场对华夏幸福经营改善的预期提升，在后续股权处置时进行转回,2021-10-10 00:00:00.000,600340.SH,601318.SH,浙商证券,未知Unknown
华夏幸福,中国平安,假设平安受华夏幸福资产减值计提及估值调整影响减半，则中国平安归母营运利润同比增加，14.2%，达849，亿，归母净利润下降，0.3%，达，684，亿,2021-10-10 00:00:00.000,600340.SH,601318.SH,浙商证券,未知Unknown
中国平安,华夏幸福,中国平安(601318)事件：华夏幸福初步拟定了债务重组计划：公司规划将通过卖出优质资产回笼资金、出售资产带走债务、现金清偿、债务展期、设立信托等方式分批实现债务化解2192亿元的金融债务，具体方案如下：1）卖出资产回笼资金约750亿元，其中拟安排约570亿元用于现金偿付金融债务,2021-10-09 00:00:00.000,601318.SH,600340.SH,天风证券,未知Unknown
中国平安,华夏幸福,中国平安2021年上半年，对华夏幸福相关投资资产进行减值计提、估值调整及其他权益调整金额为359亿元，占风险敞口的66%（总敞口为540亿，其中包括股权投资180亿元和表内债券投资360亿元）,2021-10-09 00:00:00.000,601318.SH,600340.SH,天风证券,未知Unknown
比亚迪,孚能科技,"同时，2021年7月公司分别与比亚迪、孚能科技、EnchemCo.,Ltd等客户签订了长期销售合同，将在2021年7月至2022年底期间为上述客户总共提供至少9960吨的六氟磷酸锂产品",2021-10-09 00:00:00.000,002594.SZ,688567,光大证券,合作
纳微科技,恒瑞医药,纳微科技凭借具有独特优势的硬胶单分散技术已获得恒瑞医药，复宏汉霖等国内一线创新药企认可，未来有望进一步扩大国内用户范围,2021-10-08 00:00:00.000,688690,600276.SH,国海证券,供应
意华股份,比亚迪,意华股份(002897)投资要点推荐逻辑：1，.，5G，建设保证通信连接器业务稳中有进；2.，汽车连接器业务进入收获期，APTIV、华为、GKN，、比亚迪、吉利等客户逐渐导入；3.，美国跟踪式光伏支架约，25%为公司代工，美国能源局，9，月报告提到，2035，年太阳能有潜力供应美国，40%的电力（2020，年为，3%），保障公司光伏业务长期成长；，4.公司于，2021年，5，月完成客户议价，部分钢价与汇率波动将转嫁至客户，保证光伏业务毛利率；5.收购天津晟维打造自主品牌，预计国内光伏支架业务贡献增量业绩,2021-10-08 00:00:00.000,002897.SZ,002594.SZ,西南证券,未知Unknown
东方雨虹,沈阳化工,，公，司，下，游，大，客，户，包，括，妙，可蓝多、东方雨虹、立邦、德高、沈阳化工等，覆盖食品、化工、建材等多领域,2021-10-08 00:00:00.000,002271.SZ,000698.SZ,浙商证券,同行
东方雨虹,三棵树,公司下游对接化工、建材、食品等高景气赛道，依托高自动化下的强交付实力与众多龙头客户达成了稳定合作，如东方雨虹（艾录系一供）、立邦、三棵树、科顺等等,2021-10-08 00:00:00.000,002271.SZ,603737.SH,浙商证券,合作
生益电子,生益科技,，生益电子成立于，1985，年，由国内覆铜面板龙头厂商生益科技分拆上市,2021-10-07 00:00:00.000,688183,600183.SH,天风证券,上级
浪潮信息,烽火通信,通信设备/网络设备/服务器领域行业集中度高，客户认证门槛高，公司产品成功导入相关企业，客户包括华为、中兴康讯、三星电子、，IBM、浪潮信息、烽火通信、诺基亚等行业知名企业，技术实力获行业大客户认可，产品具备竞争优势，同时也为公司扩产后产能消化提供有效支撑,2021-10-07 00:00:00.000,000977.SZ,600498.SH,天风证券,同行
中国联通,中国电信,近期中国广电+中国移动，700MHz、中国联通+中国电信，2.1G，基站主设备集采密集落地，下半年进入，5G，建设小高峰,2021-10-07 00:00:00.000,600050.SH,601728,天风证券,同行
朗新科技,智慧能源,能源数字化平台战略日渐完备，下游应用场景逐步拓展：，朗新科技通过邦道科技实现互联网平台业务的多领域运营，，2014，年起，邦道主营业务为水电燃气等生活缴费领域，近年来邦道业务领域逐步拓展至充电桩、公共交通、停车服务、智慧能源等一系列，C，端平台业务,2021-10-07 00:00:00.000,300682.SZ,600869.SH,东吴证券,未知Unknown
杰瑞股份,杭可科技,同时，多年行业深耕，客户资源丰富，数控机床客户包括杰瑞股份、杭可科技等，装备部件客户包括赫斯基、宝马格、山特维克等；此外公司采取积极的举措参与行业竞争：产品上，针对下游不同应用领域开发特定产品，牢牢把握行业发展脉搏；研发上，公司专注于提升产品竞争力和零部件自制率，核心零部件自制化程度不断提升，，加上自身的一体化产业链配套能力，使得公司具备供应链安全+产品高附加值+低成本多重优势；销售上，经销为主，直销为辅的销售策略保证公司拥有较好的现金流状况，也进一步控制了客户的销售风险,2021-09-30 00:00:00.000,002353.SZ,688006.SH,民生证券,未知Unknown
中国电建,南国置业,中国电建(601669)公司近日公告南国置业（002305.SZ，第一大股东为中国电建）向中国电建及子公司中电建建筑集团有限公司发行股份及支付现金作为对价，对电建地产集团（公司子公司）实施吸收合并，该资产重组事项因未取得实质进展，方案到期失效,2021-09-30 00:00:00.000,601669.SH,002305.SZ,天风证券,被增持
芭田股份,德方纳米,芭田股份(002170)事件：2021年9月29日，公司公告全资子公司贵州芭田生态工程有限公司与曲靖市德方纳米科技有限公司签署《硝酸供应合作框架协议》，合作内容为由公司向德方纳米提供硝酸,2021-09-30 00:00:00.000,002170.SZ,300769.SZ,国海证券,合作
三一重工,中联重科,我们测算“新徐工”2021年备考PS为0.6倍，三一重工（1.8倍）、中联重科（0.9倍）,2021-09-30 00:00:00.000,600031,000157.SZ,浙商证券,同行
宁德时代,长远锂科,2018-2020年宁德时代是长远锂科第一大下游客户，占据主导地位,2021-09-29 00:00:00.000,300750.SZ,688779,开源证券,未知Unknown
泰格医药,中国医药,泰格医药(300347)订单充裕，将持续受益于医药行业研发景气：随着中国医药研发端的大发展，2016-2020年中国医药研发投入中临床阶段的投入复合增速高达20.7%,2021-09-28 00:00:00.000,300347.SZ,600056.SH,群益证券,未知Unknown
金隅集团,冀东水泥,历时5年的重组进入尾声，具体分为三个阶段：第一阶段是2016年股权重组，金隅集团收购公司股份成为控股股东，实控人变为北京国资委；第二阶段是2017年底开始的资产重组，双方成立合资公司并向其注入旗下子公司，冀东水泥持有合资公司52.9%股份；第三阶段冀东水泥收购金隅集团持有的合资公司剩余股权,2021-09-28 00:00:00.000,601992.SH,000401.SZ,中银证券,未知Unknown
万年青,海螺水泥,"万年青产能集中赣东北为主，地理优势相对优越：江西省内熟料为南方水泥、万年青、海螺水泥、亚洲水泥、红狮控股基本垄断，2020年五家公司产能分别为1，531.4、1,421.4、1，054.0、892.8、775.0万吨，合计占比达到82.7%",2021-09-28 00:00:00.000,000789.SZ,600585,中银证券,同行
中国能建,葛洲坝,中国能建(601868)全球能源电力综合服务龙头，合并葛洲坝理顺机制加快发展,2021-09-28 00:00:00.000,601868,600068.SH,国盛证券,合作
中国重汽,上汽集团,我国柴油发动机生产厂商集中度高，按销量计，2019年国内前十大柴油发动机主机厂市场占有率达到，76%，公司下游主要客户涵盖了潍柴控股、中国一汽、中国重汽、上汽集团等大型发动机制造厂商旗下主流品牌，此外，2019，年公司取得康明斯全球供应商资质,2021-09-28 00:00:00.000,000951.SZ,600104.SH,西南证券,未知Unknown
中国能建,葛洲坝,中国能建(601868)事件：9月26日，公司公告发行A股股份换股吸收合并中国葛洲坝集团股份有限公司上市公告书,2021-09-28 00:00:00.000,601868,600068.SH,中国银河,上级
葛洲坝,中国能建,2020年10月27日，葛洲坝公告中国能建吸收合并葛洲坝暨关联交易事项,2021-09-28 00:00:00.000,600068.SH,601868,中国银河,合作
葛洲坝,中国能建,本次换股将1股葛洲坝股票转换为4.4337股中国能建A股股票,2021-09-28 00:00:00.000,600068.SH,601868,中国银河,未知Unknown
卓胜微,艾为电子,目前公司此类客户包括卓胜微、艾为电子等,2021-09-28 00:00:00.000,300782.SZ,688798,民生证券,同行
老凤祥,周大生,，竞争格局上，老凤祥、周大生、周大福全国门店数量排名前三，，合计门店占有率15.7%，，未来行业有望向综合实力强（品牌、渠道、产品、资金），的企业集中，，行业整合空间较大,2021-09-28 00:00:00.000,600612.SH,002867.SZ,国元证券,同行
周大生,老凤祥,，渠道方面，截止，2021H1，周大生共，4257，家门店，门店数仅次于老凤祥,2021-09-28 00:00:00.000,002867.SZ,600612.SH,国元证券,同行
贵州茅台,五粮液,公司自成立以来，致力于浓香型白酒的生产与销售，与贵州茅台与五粮液一并列入高端白酒梯队，核心大单品国窖1573已具有一定的市场影响力,2021-09-27 00:00:00.000,600519.SH,000858.SZ,东莞证券,供应
卫士通,世纪华通,卫士通(002268)事件：，2021，年，9，月，26，日公司发布公告，与浙江世纪华通集团股份有限公司签署战略合作框架协议，双方将本着优势互补、共同发展原则，在互联网游戏和超算中心领域展开全面深入合作，优化整合资源，打造共赢、可持续的战略合作伙伴关系,2021-09-27 00:00:00.000,002268.SZ,002602.SZ,国盛证券,合作
卫士通,中电科,，卫士通的控股股东中国网安是公司实控人中电科集团根据国家安全战略发展需要重点打造的网络安全子集团，在支撑国家网安战略任务和赢得关键领域客户信任方面具有天然的优势，公司作为中国网安唯一的上市公司，具备真正稀缺的股东背景，有望显著受益于隐私计算需求快速释放,2021-09-27 00:00:00.000,002268.SZ,600877.SH,国盛证券,上级
蓝晓科技,赣锋锂业,锦泰二期开启建设，盐湖提锂再下一城根据锦泰钾肥与各投资方签订的增资协议显示，，本次交易中锦泰钾肥投前估值为27亿元，投后估值约45.54亿元，，本次锦泰钾肥除蓝晓科技2亿元债转股、，赣锋锂业子公司江西赣锋循环科技2.05亿元债转股以外，净募资约14.50亿元,2021-09-26 00:00:00.000,300487.SZ,002460.SZ,华西证券,未知Unknown
赣锋锂业,蓝晓科技,，本次锦泰钾肥通过增资扩股形式引入赣锋锂业、蓝晓科技等重大战略客户一方面解决了锦泰锂业对蓝晓科技的欠款，同时募集的资金对于锦泰锂业后续盐湖资源开发提供了重要保障,2021-09-26 00:00:00.000,002460.SZ,300487.SZ,华西证券,未知Unknown
敏芯股份,华天科技,敏芯股份与中芯国际、华润上华和华天科技等行业内主要的晶圆制造厂商和封装厂商均建立了长期合作关系，结合公司本土化经营模式使产品安全稳定、快速反应、高性价比等优势，增强华为、传音、小米、百度、阿里巴巴和联想等终端客户粘性,2021-09-26 00:00:00.000,688286,002185.SZ,天风证券,合作
安井食品,立高食品,根据行业可比公司安井食品和立高食品，2021年平均估值为66，给予公司2021年65倍PE，对应目标价为74.1元，首次覆盖，给予公司“买入”评级,2021-09-26 00:00:00.000,603345.SH,300973,天风证券,同行
川恒股份,富临精工,川恒股份(002895)事件：9，月，23，日，川恒股份与富临精工在四川成都签署《战略合作协议》（以下简称“合作协议”）,2021-09-24 00:00:00.000,002895.SZ,300432.SZ,光大证券,合作
富临精工,川恒股份,与富临精工达成合作协议，产业协同效应凸显在与国轩控股达成战略合作框架协议之后，川恒股份又与富临精工签订合作协议，进一步拓宽战略合作版图，深化磷酸铁锂产业链内战略合作,2021-09-24 00:00:00.000,300432.SZ,002895.SZ,光大证券,合作
川恒股份,富临精工,结合川恒股份所拥有的上游磷矿资源、富临精工所拥有的下游磷酸铁锂产能和即将进行开发的锂矿资源，川恒股份与富临精工的合作协议具有极强的产业协同效应，共助双方合作双赢,2021-09-24 00:00:00.000,002895.SZ,300432.SZ,光大证券,合作
川恒股份,富临精工,川恒股份(002895)事件：2021，年，9，月，23，日，，公司公告与富临精工签署战略合作协议，，双方将在供应链、价值链的升级及延伸方面建立长期合作关系，在锂电材料产业产能优化布局及产业投资方面建立战略合作关系,2021-09-24 00:00:00.000,002895.SZ,300432.SZ,国海证券,合作
富临精工,国新能源,，富临精工是中国新能源汽车智能电控开拓者及锂电正极材料的引领者，其自主研发生产的新一代高压实密度磷酸铁锂正极材料具备有较为明显的技术及性能优势,2021-09-24 00:00:00.000,300432.SZ,600617.SH,国海证券,供应
隆基股份,中环股份,公司金刚线业务客户优质，覆盖保利协鑫、隆基股份、中环股份、晶澳科技等一线龙头，未来有望受益于行业需求增长及公司升级产能释放,2021-09-23 00:00:00.000,601012.SH,002129.SZ,开源证券,未知Unknown
传智教育,中公教育,3）估值洼地：根据2021E净利润，公司目前股价对应PE仅为22倍，从公司自身PEG来看，未来三年净利润CAGR有望达33%，目前PEG为0.7，小于1；从可比公司来看，传智教育、中国东方教育、中公教育三家职业教育公司2021年平均PE为39倍，公司仍有较大估值提升空间,2021-09-22 00:00:00.000,003032,002607.SZ,西南证券,未知Unknown
用友网络,广联达,选取计算机板块云计算细分领域领军企业用友网络、广联达作为可比公司，相关公司，2021，年平均，PE（Wind，一致预期）为，110X，公司估值略高于行业平均，，但考虑到公司此次新订单将为公司长期发展打开空间，未来有望持续释放增量，同时公司作为国内，SaaS，龙头，在行业内率先获得重要海外订单，有望成为国内，SaaS，龙头向海外拓展云的标杆，示范效应明显，具有一定估值溢价,2021-09-22 00:00:00.000,600588.SH,002410.SZ,民生证券,同行
当升科技,宁德时代,公司客户结构优质，如当升科技、贝特瑞、四川新锂想、湖南杉杉、成都巴莫、宁德时代等,2021-09-21 00:00:00.000,300073.SZ,300750.SZ,中航证券,同行
宁德时代,比亚迪,激励对象主要为公司高管1人（副总经理、董事会秘书，获授4万股），核心骨干员工326人（共获授予203万股），预留51万股（占此次授予比例的20%）受益锂电扩产浪潮，在手订单饱满；打造非标自动化平台型企业公司是全球锂电设备龙头，我们预计2025年全球锂电设备市场空间超2000亿元，未来5年复合增速达38%，公司深度绑定宁德时代，同时积极开拓Northvolt、中航锂电、比亚迪、宝马等全球锂电及整车龙头客户，有望充分受益,2021-09-17 00:00:00.000,300750.SZ,002594.SZ,浙商证券,未知Unknown
时代电气,新兴装备,时代电气(688187)报告摘要：轨交电气系统行业龙头，新兴装备业务方兴未艾时代电气凭借母公司中车株洲在机车电气领域60余载的技术和经验积累，快速成长为我国轨交行业龙头，以IGBT等功率器件为核心的新兴装备业务正在崛起,2021-09-17 00:00:00.000,688187,002933.SZ,民生证券,未知Unknown
隆基股份,上机数控,公司此前分别于2020年12月与隆基股份签订16亿元（含税）的供货协议；于2021年1月与晶科能源和上机数控分别签订4亿元（含税）和5亿元（含税）的供货协议，公司与上述三家单晶硅片企业的长协订单合计已达25亿元（含税）,2021-09-17 00:00:00.000,601012.SH,603185.SH,财信证券,供应
苏博特,连云港,苏博特(603916)事件：公司9月10日晚发布可转债发行预案，拟发行规模不超过人民币80000万元，用于年产37万吨高性能土工工程材料产业化基地项目、苏博特高性能土木工程新材料建设项目（一期）、高性能建筑高分子材料产业化基地项目（一期）、信息化系统升级建设项目建设以及补充流动资金，同时公司发布对外投资公告，拟在连云港徐圩新区投资建设年产80万吨建筑用化学功能性新材料项目，项目预计总投资13.8亿元，目前已与国家东中西区域合作示范区（连云港徐圩新区）管委会就上述项目签署了投资协议,2021-09-17 00:00:00.000,603916.SH,601008.SH,天风证券,未知Unknown
杭可科技,赢合科技,预计2021-2023年，公司实现归母净利润15.61亿元、23.62亿元、30.98亿元，对应EPS分别为1.00元、1.51元、1.98元，对应PE分别为71.23倍、47.09倍和35.90倍，参考杭可科技、赢合科技等锂电设备类公司的估值水平，综合考虑公司在锂电设备领域的龙头地位，给予公司2022年50-55倍PE，对应合理估值区间为75.5-83.1元，维持“推荐”评级,2021-09-17 00:00:00.000,688006.SH,300457.SZ,财信证券,未知Unknown
长城科技,神州数码,公司加大新品适配及市场推广，，与湖南长城科技、北京神州数码等多家公司签订合作框架协议，产业化进展顺利，目前，JM7200，已广泛投入通用市场应用，上半年芯片领域产品销售额同比跨越式增长，开启通用市场发展新篇章,2021-09-15 00:00:00.000,603897.SH,000034.SZ,国盛证券,合作
宁德时代,汇川技术,根据招股书估测，公司2020年约占国内新能源汽车及充电设施高压直流接触器市场份额的10.28%-19.58%之间，是市场主要参与者之一，客户包括宁德时代、汇川技术、GIGAVAC等,2021-09-15 00:00:00.000,300750.SZ,300124.SZ,天风证券,未知Unknown
宁德时代,比亚迪,公司目前已掌握纯自主研发的高精度串联化成技术，在研串联化成分容系统，适用客户包括宁德时代、比亚迪，以及后续考虑使用串联高压设备的软包项目等,2021-09-14 00:00:00.000,300750.SZ,002594.SZ,浙商证券,供应
连云港,卫星石化,根据公开资料，连云港徐圩新区拥有盛虹右化、卫星石化等多个大炼化项目．而环氧乙烷极不稳定，不方便运输,2021-09-14 00:00:00.000,601008.SH,002648.SZ,东方证券,同行
迎驾贡酒,口子窖,迎驾贡酒(603198)投资要点迎驾贡酒为什么过去几年表现平平？2007，年-2010，年，迎驾贡酒曾凭借迎驾银星拿下合肥市场大众白酒销量冠军，强渠道力+差异化策略（生态概念）助推其成为徽酒“四朵金花”的探花，但后来逐步被口子窖、宣酒等酒企相继超越；深度调整期间，产品结构偏低+政务消费占比低使得其业绩波动较小，但当行业结束调整期后，消费升级+消费人群结构转变背景下，迎驾贡酒品牌定位不高、产品结构偏低、产品升级速度落后、营销组织老化等问题逐步暴露，对此，公司采取系列积极改革举措，比如：1）发扬“生态美酒”文化，品牌定位得到提升；2）精耕省内市场，省外集中资源重点开发；3）“223”战略谱新篇，扁平化战略赋能渠道；4）产品矩阵持续优化（精简，SKU，聚焦卡位升级价位的高端生态洞藏系列），其中，2015，年推出的高端洞藏系列已于，18，年完成核心市场布局，至此公司实现多维度升级，喜迎新机,2021-09-13 00:00:00.000,603198.SH,603589.SH,浙商证券,未知Unknown
华泰证券,中信证券,其余认购者包括国新投资、易方达基金、财通基金、富荣基金、泰康资产、大家资产、华泰证券、中信证券、中邮证券、驼铃资产等投资机构,2021-09-13 00:00:00.000,601688.SH,600030.SH,国盛证券,同行
卫士通,中电科,1）集团高度重视网安业务版图，卫士通作为信创核心受益标的，2020年全年中标逾20亿，位居市场前列，围绕信创需求，已构建覆盖芯片、模块、整机和系统的全产品体系；2）新管理层均具备丰富的产业技术背景，有望进一步拉近与中电科业务合作关系,2021-09-13 00:00:00.000,002268.SZ,600877.SH,国盛证券,未知Unknown
欧派家居,索菲亚,其中顾家配套家居/定制家居收入分别增长约，60%和，160%；欧派家居其他产品（主要为寝具等家配产品）收入，9.4亿元（+158%）；索菲亚配套品收入，3亿+，同比增速超过50%，各家居头部企业发力打造全品类供应能力，配套家品销售均呈现快速增长态势,2021-09-13 00:00:00.000,603833.SH,002572.SZ,西南证券,同行
宁德时代,亿纬锂能,全球电动化大趋势下一二线动力电池厂纷纷加速扩产，宁德时代、，LG、三星等竞相扩产以保证行业地位；二线电池厂亦积极扩张，诸如亿纬锂能、中航锂电等相继宣布到，2025，年超，100GWh，的扩产规划，合计新增产能规模约，1810GWh，，我们预计，2021-2025，年新增设备投资需求约，4800，亿元；此外从新能源车需求角度测算，，我们预计，2021-2025，年动力电池设备需求约为，5390，亿元,2021-09-13 00:00:00.000,300750.SZ,300014.SZ,东吴证券,同行
先导智能,杭可科技,先导智能、杭可科技等厂商体量大且从，2020，年开始加速扩产，但由于行业需求旺盛，设备订单外溢现象明显，我们预计研发能力强且具备整线供应能力的设备商市场份额有望借此提升,2021-09-13 00:00:00.000,300450.SZ,688006.SH,东吴证券,同行
比亚迪,杭可科技,中标比亚迪刀片电池后段设备，订单饱满催化2022年业绩增长杭可科技于2021年9月3日收到比亚迪通过电子邮件发送的中标通知书，中标内容为刀片电池的串联化成分容设备，合计16条线，中标金额5.22亿元(不含税)，约占2020年营业收入（14.93亿元）的35%，相较2018-2020年与比亚迪的合作有较大涨幅，国内大客户加速突破,2021-09-12 00:00:00.000,002594.SZ,688006.SH,东吴证券,供应
沃森生物,康泰生物,目前全球共有3家公司获批13价肺炎疫苗，分别为辉瑞和沃森生物、康泰生物,2021-09-12 00:00:00.000,300142.SZ,300601.SZ,华西证券,同行
卫士通,中电科,卫士通控股股东中国网安是公司实控人中电科集团根据国家安全战略发展需要重点打造的网络安全子集团，卫士通围绕重要数据和个人信息保护、数据安全流通等数据安全重要方向，重点布局隐私计算，从秘密分享、同态加密等底层密码技术、隐私计算安全产品、数据共享商业模式等多个层面同时推进，打造数据安全合规共享生态,2021-09-10 00:00:00.000,002268.SZ,600877.SH,国盛证券,未知Unknown
广联达,品茗股份,选取建筑信息化领域可比公司广联达、品茗股份，相关公司2021年平均估值（Wind一致预期）为72X，首次覆盖，给予“推荐”评级,2021-09-09 00:00:00.000,002410.SZ,688109,民生证券,同行
东南网架,福斯特,东南网架(002135)核心观点与萧经开达成投资协议，联手福斯特共同开发辖区内屋顶资源,2021-09-08 00:00:00.000,002135.SZ,603806.SH,东方证券,合作
杭可科技,比亚迪,杭可科技(688006)投资要点事件：公司近日收到比亚迪中标通知书，合计中标锂电设备5.22亿元（不含税）,2021-09-08 00:00:00.000,688006.SH,002594.SZ,浙商证券,供应
隆基股份,赣锋锂业,公司凭藉著这对新能源行业的卓越理解投资了隆基股份、赣锋锂业等优秀公司，为公司带来了丰厚回报,2021-09-07 00:00:00.000,601012.SH,002460.SZ,第一上海证券,投资
比亚迪,亿纬锂能,公司聚焦优质客户，，21H1的，CR5，达到，90%，主要客户包括，CATL、比亚迪和亿纬锂能等，，其中，CATL，上半年占公司出货的，50%，主要客户快速增长带来公司产能利用率同比提升，，21H1，单吨净利为，0.43万元左右，盈利拐点已确认,2021-09-06 00:00:00.000,002594.SZ,300014.SZ,民生证券,同行
宁德时代,亿纬锂能,，储能方面，，根据，CNESA，预测，2025，年中国电化学储能规模将达到，56GW，公司，2021，年上半年储能需求出货占比达50%，主要得益于下游客户宁德时代和亿纬锂能等储能需求释放,2021-09-06 00:00:00.000,300750.SZ,300014.SZ,民生证券,未知Unknown
杭可科技,比亚迪,杭可科技(688006)事件：，杭可科技于，2021，年，9，月，3，日收到比亚迪通过电子邮件发送的中标通知书，合计中标锂电设备，5.22，亿元人民币（不含税）,2021-09-06 00:00:00.000,688006.SH,002594.SZ,东吴证券,供应
比亚迪,杭可科技,投资要点中标比亚迪刀片电池后段设备，订单饱满催化，2022，年业绩增长杭可科技近日收到比亚迪中标通知，中标内容为刀片电池的串联化成分容设备，合计，16，条线，中标金额，5.22，亿元(不含税)，约占，2020，年营业收入（，14.93，亿元）的，35%，相较，2018-2020，年与比亚迪的合作有较大涨幅，国内大客户加速突破,2021-09-06 00:00:00.000,002594.SZ,688006.SH,东吴证券,供应
万华化学,中国核电,万华化学(600309)事件描述：8，月，27，日，中国核电发布关于设立中核山东核能有限公司的公告,2021-09-05 00:00:00.000,600309.SH,601985.SH,华安证券,上级
中国核电,万华化学,，据公告，中国核电拟与万华化学、山东发展投资控股集团和烟台蓝天控股共同出资设立中核山东核能有限公司,2021-09-05 00:00:00.000,601985.SH,600309.SH,华安证券,合作
中国中车,四方股份,公司有序推进产品迭代开发，2021，上半年，完成两款新型商务座椅的开发，在京雄、京张、拉林项目上取得阶段性成果，并完成中国中车时速，600，公里磁悬浮样椅的制作；公司设计生产的标动，250、标动，350，撒砂系统在中车四方股份生产的时速，250、时速350，公里复兴号动车组完成装车，正在进行，30，万公里运用考核,2021-09-05 00:00:00.000,601766.SH,601126.SH,西南证券,未知Unknown
东方集团,民生银行,东方集团(600811)事件：公司公布2021年半年报，公司实现营业收入68.04亿元，同比增长1.56%；实现归属于母公司股东的净利润2.52亿元，同比下降29.38%，主要原因为参股公司民生银行净利润同比下降，以及子公司国开东方财务费用增加所致,2021-09-05 00:00:00.000,600811.SH,600016.SH,天风证券,未知Unknown
中国电信,中国联通,今年上半年我国5G基站建设进度有所延后，上半年中国移动、中国电信，中国联通资本开支完成率分别为47%、31%、20%，综合完成率37%，资本开支将主要集中在下半年发生，有利于公司全年业绩乐观,2021-09-03 00:00:00.000,601728,600050.SH,浙商证券,同行
三一重工,中联重科,我们测算“新徐工”2021年备考PS为0.62倍，三一重工（1.9倍）、中联重科（0.8倍）,2021-09-03 00:00:00.000,600031,000157.SZ,浙商证券,同行
宁德时代,比亚迪,政府补助0.17亿元，同比降低0.2亿元以技术创新为核心竟争力，已掌握高精度串联化成技术，在研多个项目公司上半年新增各类型知识产权申请67项，累计数量达到264个，公司目前已掌握纯自主研发的高精度串联化成技术，在研串联化成分容系统，适用客户包括宁德时代、比亚迪，以及后续考虑使用串联高压设备的软包项目等,2021-09-03 00:00:00.000,300750.SZ,002594.SZ,浙商证券,未知Unknown
邮储银行,浦发银行,2、银税场景来看，公司“税银互动平台”签约邮储银行、浦发银行、广发银行、富民银行等银行，合作模式从传统的系统直连收费，转变为根据实际建设使用效果付费等多种形式,2021-09-03 00:00:00.000,601658,600000.SH,华西证券,合作
隆基股份,上机数控,截至2020年底，公司在手订单为9.24亿元，同时为确保新增产能消化，公司已与隆基股份、晶科能源、上机数控签订长期合作框架协议，总金额25亿元（含税），公司新增产能获得订单确定性较强,2021-09-02 00:00:00.000,601012.SH,603185.SH,国元证券,合作
江苏国信,徐工机械,重组完成后，天津茂信、上海胜超、江苏国信、金石彭衡、杭州双百、宁波创翰、交银金投、国家制造业基金等徐工有限原有股东将持有吸收合并后徐工机械的相应股份,2021-09-02 00:00:00.000,002608.SZ,000425.SZ,天风证券,未知Unknown
北方华创,中微公司,如果将北方华创比喻成“东方的应用材料”，中微公司的发展模式则更像泛林集团，以集成电路刻蚀机与泛半导体MOCVD设备为拳头类产品，技术与产品追求极致，由易至难，先精后全,2021-09-02 00:00:00.000,002371.SZ,688012.SH,华安证券,同行
泸州老窖,水井坊,大客户中茅台(+284%)、洋河(+70%)、泸州老窖(+137%)、水井坊(-217%)増速亮眼,2021-09-02 00:00:00.000,000568.SZ,600779.SH,浙商证券,同行
中牧股份,金达威,中牧股份(600195)要点事件：公司发布2021年中报，上半年实现营收25.84亿元，同比增13.21%；归母净利润3.17亿元，同比降10.02%；因减持金达威股权，去年同期投资收益基数较高，归母净利润同比下降,2021-09-02 00:00:00.000,600195.SH,002626.SZ,光大证券,未知Unknown
京天利,新和成,目前公司拥有安赛蜜产能1.2万吨，三氯蔗糖产能8000吨，均已形成单寡头垄断格局；甲乙基麦芽酚产能5000吨，在建产能5000吨，未来将和北京天利海、新和成形成三寡头格局,2021-09-02 00:00:00.000,300399.SZ,002001.SZ,天风证券,合作
华贸物流,上港集团,网络端，华贸物流拥有覆盖六大洲、160多个国家地区的物流服务网络；运力端，公司与京东物流、菜鸟、上港集团及南航等强势企业签订合约，稳固运力,2021-09-02 00:00:00.000,603128.SH,600018.SH,西南证券,合作
宁德时代,阳光电源,通过多年积累，目前公司在新兴市场上已具有一定技术优势，产品性能较竞品更优，客户方面，公司已与特斯拉、宁德时代、华为、阳光电源等国内外龙头厂商建立稳定供应关系，搭建起深厚行业护城河,2021-09-02 00:00:00.000,300750.SZ,300274.SZ,国海证券,供应
中国银行,邮储银行,积极参与大行信创项目，分布式核心持续落地新客户：上半年，公司参与中国银行分布式平台建设，新签邮储银行新一代核心实施业务总体管控项目二期，中标广发银行新核心，承担关键模块的设计与开发,2021-09-01 00:00:00.000,601988,601658,万联证券,供应
华夏银行,上海银行,企业微服务平台也中标、签约华夏银行信用卡中心、上海银行等10余个项目,2021-09-01 00:00:00.000,600015.SH,601229.SH,万联证券,供应
邮储银行,浦发银行,税银互动方面，公司基于税务数据助力金融机构对企业地综合评估，“税银互动平台”签约邮储银行、浦发银行、广发银行等银行,2021-09-01 00:00:00.000,601658,600000.SH,万联证券,供应
中航沈飞,洪都航空,参考中航沈飞、中航西飞、洪都航空等可比公司2022年平均PE估值为75倍，考虑到十四五期间军机列装加速与练兵备战对发动机消耗增加，公司订单饱满且交付能力提升业绩有望释放,2021-09-01 00:00:00.000,600760.SH,600316.SH,财信证券,未知Unknown
宁德时代,亿纬锂能,负极材料切入宁德时代、亿纬锂能、苏州星恒、中航锂电、韩国SKI、ATL等优质客户的供应链，客户结构持续优化,2021-09-01 00:00:00.000,300750.SZ,300014.SZ,财信证券,同行
长安汽车,宁德时代,此外，在长安汽车科技生态大会上，公司发布了自主新能源高端品牌阿维塔的首款新车型E11，该车型搭载了华为HI解决方案和宁德时代最新电动化技术,2021-09-01 00:00:00.000,000625.SZ,300750.SZ,国海证券,供应
中国电信,中天科技,后备电源方面以通讯配套基站为着力点，稳抓，5G商用时机，集中供应配套后备电源系统，，21H1，中国铁塔与中国电信备电用磷酸铁锂电池产品联合集中招标项目中，中天科技凭借产品技术优势和历年供货业绩优势，以第三名的成绩中标，中标份额，349MWh,2021-09-01 00:00:00.000,601728,600522.SH,天风证券,供应
宁德时代,比亚迪,按照应用领域划分，公司产品包括锂电池制造设备、汽车零部件制造设备和其他行业制造设备，其中按照2020年收入结构，锂电、汽车、其他业务占比达到83%、2.04%、10.33%，主要客户包括新能源科技（占收入比例70%）、宁德时代、比亚迪、力神、浪潮电子、联想集团等知名厂商，产品能够覆盖前、中、后、PACK段整线能力,2021-09-01 00:00:00.000,300750.SZ,002594.SZ,太平洋,未知Unknown
森特股份,亚玛顿,报告期内，公司完成对森特股份部分股权的收购，目前持股比例为24.28%，为其第二大股东，此次合作将结合森特股份在建筑屋顶设计、维护上的优势，有力推动BIPV业务的开发；此外，公司已与亚玛顿签订合作协议，共同研发用于BIPV的1.6mm超薄玻璃，进一步减轻结构重量，持续优化BIPV产品结构，满足建安需求，拓展更多应用场景，有望打开BIPV业务的成长空间,2021-08-31 00:00:00.000,603098.SH,002623.SZ,国盛证券,合作
欧菲光,闻泰科技,此外，闻泰并购欧菲光光学模组资产，未来光学模组和SIP模组有望进一步打开闻泰科技ODM业务的盈利空间，考虑到公司上半年ODM业务受下游终端需求疲软和上游原材料价格上涨影响，我们下调公司21年归母净利润为35.59亿元（-11.93%）、维持22年归母净利润为57.82亿元、考虑到21Q3上游原材料价格如面板价格已开始下降，ODM业务利润将逐渐释放，进入业绩拐点期，另外半导体业务在新能源汽车高景气和产能不断扩充背景下，将持续保持高增速，我们看好公司未来广阔发展前景，我们上调公司23年归母净利润为75.65亿元（+5.98%），当前股价对应PE分别为39x、24x、19x，维持“买入”评级,2021-08-31 00:00:00.000,002456.SZ,600745.SH,光大证券,未知Unknown
中国神华,国电电力,，中国神华拟作为有限合伙人以自有资金出资，20，亿元（出资比例，33.33%），协同龙源电力、国电电力、国能资本、国能基金管理公司等四方，共同参与设立国能低碳基金（总规模，60.01，亿元），,2021-08-31 00:00:00.000,601088.SH,600795.SH,信达证券,合作
邮储银行,中国银行,1）核心系统方面，先后中标广发银行、邮储银行、中国银行等新核心项目，同时企业级微服务平台及企业服务总线签约或中标多家银行,2021-08-31 00:00:00.000,601658,601988,民生证券,供应
建设银行,北京银行,3）数字货币方面，公司帮助建设银行、广发银行、北京银行等十余家客户完成数字人民币相关建设，同时尝试预付卡等创新模式,2021-08-31 00:00:00.000,601939,601169.SH,民生证券,供应
金溢科技,雷柏科技,依据公司半年报，无线数传类产品终端客户覆盖了包括金溢科技、雷柏科技、大疆科技等国内知名企业，无线音频类产品终端客户包括摩托罗拉、LG、夏普、飞利浦等,2021-08-31 00:00:00.000,002869.SZ,002577.SZ,华西证券,同行
宁德时代,亿纬锂能,此外，公司与宁德时代在宜宾计划新建8万吨产能，与亿纬锂能合作扩产10万吨产能，规划自建5万吨产能，产能快速扩张，稳固公司行业领先的地位，未来业绩放量可期,2021-08-31 00:00:00.000,300750.SZ,300014.SZ,川财证券,合作
紫金矿业,江西铜业,我们认为由于矿山服务行业高粘性高壁垒，估值应高于一般建筑、咨询企业，给予，25x，PE，估值，而目前矿业公司紫金矿业、江西铜业估值，15-20x，2022E，PE，因此给予公司自有矿山业务，15x，PE，估值，对应总市值，185，亿元，调整目标价至，31.28，元（原：，16.20，元），维持买入评级,2021-08-31 00:00:00.000,601899.SH,600362.SH,华西证券,同行
云南白药,国际医学,与此同时，云南白药集团北京有限公司成立，未来将作为“北京大学—云南白药国际医学研究中心”投资建设主体，快速高效推动项目落地，配置相关资源，为项目建设持续投入资金，依托北大学术资源和人才引进优势，推进肿瘤学、创伤骨科、药学、口腔医学、医学美容5个领域的合作,2021-08-31 00:00:00.000,000538.SZ,000516.SZ,光大证券,未知Unknown
京东方,大连重工,公司重视技术研发，2021H1研发投入0.46亿元（同比+36.05%），研发团队包括中国大陆、中国台湾、韩国、法国等地经验丰富的行业内技术专家；产品方面，公司电子材料多元化发展，产品涵盖芯片制造材料、封装材料和半导体材料输送系统，同时具备高世代LCD显示屏和OLED显示屏制造用光刻胶，已形成了能够提供高度定制化及有充分价格竞争力的电子材料综合解决方案，客户方面，公司半导体材料已进入SK海力士、美光、三星电子、铠侠、英特尔、中芯国际、长江存储、合肥长鑫等国际、国内领先芯片制造商供应链，光刻胶产品已进入京东方、华星光电和惠科等龙头面板厂供应体系，在LNG保温材料方面与沪东中华、江南造船和大连重工等国有大型船厂建立了紧密的战略合作关系；产能方面，公司定增扩产电子特气、光刻胶、球形硅微粉项目进展顺利，扩产半导体前驱体、LNG保温材料同样有序进行，我们认为公司前瞻性地把握住了产业发展趋势，产品、客户、技术、产能优势逐渐显现，叠加半导体行业景气度持续提升，有望引领国产替代大潮持续成长,2021-08-31 00:00:00.000,000725.SZ,002204.SZ,国海证券,未知Unknown
昇兴股份,金龙鱼,，2021H1，同店业绩下降主要是因为当前市场竞争环境在国家监管部门推出社区团购“九不得”政策后并未出现显著改善以及，2020年上半年的高基数因素业绩方面，截止，2021H1，非经常性损益共计-1.58，亿元，主要是因为各类资产产生的投资收益-3.01，亿元，，公司报告期持有的其他非流动金融资产中对，KarmanTopcoL.P.、，昇兴股份以及金龙鱼的投资，因公允价值变动产生损失，3.20，亿元,2021-08-31 00:00:00.000,002752.SZ,300999,中国银河,同行
昇兴股份,金龙鱼,进一步来看，，公司报告期持有的其他非流动金融资产中对，KarmanTopcoL.P.、，昇兴股份以及金龙鱼的投资，因公允价值变动产生损失，3.20，亿元,2021-08-31 00:00:00.000,002752.SZ,300999,中国银河,同行
杭可科技,赢合科技,预计2021-2023年，公司实现归母净利润16.06亿元、23.56亿元、30.15亿元，对应EPS分别为1.03元、1.51元、1.93元，对应PE分别为69.59倍、47.42倍和37.06倍，参考杭可科技、赢合科技等锂电设备类公司的估值水平，综合考虑公司在锂电设备领域的龙头地位，给予公司2022年50-55倍PE，对应合理估值区间为75.5-83.1元，维持“推荐”评级,2021-08-31 00:00:00.000,688006.SH,300457.SZ,财信证券,未知Unknown
上海家化,贝泰妮,客户方面，公司主要客户涵盖国内外知名日化公司和新锐品牌，包括强生、上海家化、贝泰妮、郁美净、百雀羚、壳牌等,2021-08-31 00:00:00.000,600315.SH,300957,中国银河,供应
上海家化,贝泰妮,公司的主要客户均为全球和国内知名的化妆品、日化产品厂商及新兴品牌商，包括强生、上海家化、贝泰妮、郁美净、百雀羚、多特瑞、维多利亚的秘密、壳牌、利洁时、拜尔斯道夫、保利沃利、尚赫（天津）科技开发有限公司、天津气味悦泽化妆品有限公司、贝亲、联合利华、宝洁等，遴选合格供应商的认证程序严格复杂且历时较长,2021-08-31 00:00:00.000,600315.SH,300957,中国银河,同行
容百科技,杉杉股份,"长单：7月27日，公司与容百签订长单，预计2021年下半年和2022全年，将向容百科技采购正极材料分别为5,505吨、30,953吨，对应电池总需求21GWh左右；7月9日，公司与杉杉股份签订长单，预计2021年、2022年采购3,910吨、21,530吨石墨，对应电池总需求24GWh左右",2021-08-31 00:00:00.000,688005.SH,600884.SH,民生证券,供应
中国石油,上海石化,参考中国石油和上海石化，2021，年10.5，倍的，PE，并考虑到公司在我国石油石化市场的领先地位，维持“推荐”评级,2021-08-31 00:00:00.000,601857,600688.SH,民生证券,同行
邮储银行,上海银行,"受益集运市场持续高景气度，锦江航运21H1实现营收，21.96亿元，同比高增30.09%,两年复合增速14.60%,现归母净利润5.54亿，元，同比高增144,05%,两年复合增速高达65.61%,股权投资：参股银行、航运板块表现俱隹，投资收益高増114.0%总体看：受益参股银行、航运公司净利润高增，公司21HI实现对联营合营企，业投资收益46.22亿元，同比高增101.86%,两年复合增速38.6.7%.在此背景，下，公司21H1实现投资收益合计49.02亿元，同比高增114.04%,两年复合增，速，42.5.8%,银行板块：至21H1末，公司分别持有邮储银行3.89%、上海银行8.323%股权",2021-08-30 00:00:00.000,601658,601229.SH,浙商证券,同行
航天长峰,新雷能,根据甘化科工发行购买资产报告书披露，国内电源企业在航空、航天及军工领域中的市场竞争力持续增强，国内的主要竞争对手企业为电科43所、24所、航天长峰朝阳电源、新雷能等,2021-08-30 00:00:00.000,600855.SH,300593.SZ,中航证券,同行
中兴通讯,中国联通,公司通过为头部客户提供个性化、定制化服务快速拓展直销业务，报告期内公司直销业务营收约，15，亿元，同比+70%，在电力设备方面持续服务国家电网、南方电网等，在通信方面成功拓展华为、中兴通讯、中国移动、中国联通等头部客户,2021-08-30 00:00:00.000,000063.SZ,600050.SH,山西证券,未知Unknown
中兴通讯,中国联通,公司通过为头部客户提供个性化、定制化服务快速拓展直销业务，报告期内公司直销业务营收约，15，亿元，同比+70%，在电力设备方面持续服务国家电网、南方电网等，在通信方面成功拓展华为、中兴通讯、中国移动、中国联通等头部客户,2021-08-30 00:00:00.000,000063.SZ,600050.SH,山西证券,供应
宁德时代,比亚迪,锂电设备行业，2020，年下半年启动了新一轮上行周期，公司作为锂电设备领域的龙头企业，整线交付能力及单机核心设备技术已达到国际领先水平，深度绑定宁德时代、LG、Northvolt、SDI、SKI、AESC、比亚迪、中航锂电、蜂巢等头部电池厂商,2021-08-30 00:00:00.000,300750.SZ,002594.SZ,光大证券,未知Unknown
特变电工,南网能源,特变电工(600089)事件：，公司发布，2021，年半年报，，2021H1，实现营业收入，225.31，亿元，同比增长，25.16%；，实现归母净利润，31.06，亿元，同比增长，237.64%；，实现扣非归母净利润，19.50，亿元，同比增长，143.47%（，非经常性损益主要系投资南网能源股票带来的公允价值变动损益，12.72，亿元），,2021-08-30 00:00:00.000,600089.SH,003035,光大证券,未知Unknown
火炬电子,鸿远电子,目前MLCC细分市场呈现清晰的寡头垄断格局，头部供应商包括火炬电子、鸿远电子、成都宏明（上市辅导阶段），该细分赛道下游需求增长向好、企业盈利性增强,2021-08-30 00:00:00.000,603678.SH,603267.SH,天风证券,同行
长城汽车,比亚迪,，21H1，公司新获多个项目定点，包括（，1）传统汽车板块：，广汽乘用车混动车型电动，VVT，定点、长城汽车变速箱电磁阀，9AT，定点、大众汽车，EA888，摇臂、喷嘴、喷嘴电磁阀、油泵挺柱定点、，PSA，喷嘴定点、，CDC，电磁阀获得比亚迪及终端上汽、广汽项目落地；（，2）新能源汽车板块：，400W、，450W、，200W、电子水泵系列已在吉利和长城量产，并新获大众汽车电子水泵执行器定点；，电子油泵供华为系列动力总成，并获得小鹏、博世力世乐项目定点；，车载电驱动减速器获得华为、华人运通项目定点，联合电子项目已进入批量生产，华为项目产线已在调试中,2021-08-30 00:00:00.000,601633.SH,002594.SZ,天风证券,同行
通威股份,天合光能,公司是国产光伏银浆的领军企业，客户涵盖通威股份、晶科能源、天合光能、晶澳太阳能等头部电池片厂家,2021-08-30 00:00:00.000,600438.SH,688599,国联证券,供应
中国联通,中国电信,随着，5G时代的到来，中国移动、中国联通、中国电信均发布了网络重构的规划，公司有望凭借在，SDN/NFV，等技术领域的领先优势，在运营商市场获取更大的市场份额,2021-08-30 00:00:00.000,600050.SH,601728,平安证券,同行
阳光电源,天合光能,报告期内，公司在储能领域实现了重大突破，，储能营收同比实现翻倍以上增长，，继，20，年通过欧洲和澳洲认证之后，，公司今年获得了来自欧洲和澳洲的大批量家储业务订单，客户有，weco、古瑞瓦特等；在便携式储能领域，获得了大客户正浩科技，Ecoflow，等的大批量订单；在大型储能领域，获得了阳光电源、南方电网、天合光能等的大批量订单,2021-08-30 00:00:00.000,300274.SZ,688599,平安证券,未知Unknown
煌上煌,良品铺子,同时煌上煌与良品铺子首发联名礼盒，双方签订战略合作协议，战略合作意义深远，未来煌上煌与良品铺子将从渠道和产品多方面有更深入合作产能扩张方面，mary]2020年10月公司同意使用部分超募资金8000万元在重庆荣昌设立全资子公司,2021-08-30 00:00:00.000,002695.SZ,603719,民生证券,合作
蒙娜丽莎,帝欧家居,以可比公司蒙娜丽莎和帝欧家居2021，年，10.7，倍的，PE，为参考，考虑到公司强大的品牌优势及新产能陆续投放有望驱动未来几年业绩增长，因此，首次覆盖，给予“推荐”评级,2021-08-30 00:00:00.000,002918.SZ,002798.SZ,民生证券,未知Unknown
国泰君安,华泰证券,公司基于在客户智能精准营销服务、财富管理、大投行业务综合管理、数据中台等方面的积累，覆盖了国泰君安、华泰证券在内的70多家证券公司，以及10多家基金公司和资产管理公司客户,2021-08-30 00:00:00.000,601211.SH,601688.SH,天风证券,同行
航天电子,航天科技,依托传统航天电子领域优势，公司业务向整机系统及航天技术应用等领域拓展公司是中国航天科技集团有限公司旗下从事航天电子专业产品研发与生产销售的高科技上市公司，主要业务为航天电子、无人系统装备、物联网及高端智能装备等产品的研发、生产与销售及电线、电缆产品的研发、生产与销售,2021-08-30 00:00:00.000,600879.SH,000901.SZ,中航证券,上级
航天科技,航天电子,当前，航天科技集团已经披露2021年计划安排40余次宇航发射任务，而十四五期间我国众多航天重大工程即将开展，商业航天有望逐步落地，在以上背景下，作为航天军工央企国家队核心配套企业，公司以上航天电子产品业务收入将保持稳定增长，为公司未来的业绩增长奠定基础,2021-08-30 00:00:00.000,000901.SZ,600879.SH,中航证券,同行
航天科技,航天电子,投资建议我们认为，作为航天科技集团旗下从事航天电子专业产品研发与生产销售的高科技上市公司，公司在我国航天装备配套领域中具有较强的技术竞争力，具体观点如下：①2020年公司军品业务营收超过百亿元，在军工配套企业中位居前列，2021H1公司航天产品业务业绩增长稳健，整体盈利能力创近五年新高；②在A股无人机公司中，公司无人机业务体量较大且处于迅速发展阶段，未来伴随公司无人机业务的快速放量，规模效应有望带来利润的快速增长，同时，公司对无人机业务平台航天飞鸿公司实施股权激励并增资，也有助于激发公司无人机业务创新活,2021-08-30 00:00:00.000,000901.SZ,600879.SH,中航证券,未知Unknown
中国电信,中国联通,公司拥有腾讯、优酷、爱奇艺、芒果等视频端、中国移动、中国电信、中国联通等运营商以及华为、小米等硬件提供商等优质客户，并与其保持了良好的长期战略合作；，2020年，5，月，与移动咪咕签署了为期三年的合作协议，深入，To，C，联合运营模式合作,2021-08-30 00:00:00.000,601728,600050.SH,华西证券,合作
航发动力,图南股份,我们认为，航发动力拿到大额预收款有利于获得利息费用从而降低财务费率，2021H1财务费用率同比下降0.5pct，大额预收款按照产业链传导将大幅改善上下游企业的经营性现金流，比如图南股份2021H1销售商品、提供劳务收到的现金3.30亿元，同比提高69.68%,2021-08-29 00:00:00.000,600893.SH,300855,国盛证券,同行
世运电路,风华高科,上市公司与世运电路、奈电签署《增资合同》，世运电路将出资，7，亿元对奈电增资，增资完成后风华高科对奈电持股比例由，100%，降至，30%，，且奈电不再纳入风华高科合并报表,2021-08-29 00:00:00.000,603920.SH,000636.SZ,华西证券,合作
比亚迪,亿纬锂能,，2021H1，宁德、比亚迪、中航锂电、亿纬锂能国内动力电池装机量，38Gwh，占国内市场，72.4%的份额,2021-08-29 00:00:00.000,002594.SZ,300014.SZ,国盛证券,同行
泸州老窖,倍轻松,1）增品牌：新签约博世生活、泸州老窖、金霸王、高露洁、旗帜等17个知名品牌，与伊丽莎白雅顿、宝洁、OLAY、泡泡玛特、美的等品牌方保持深度合作，已签约品牌合计30个+，即将签约妮维雅、倍轻松、红牛等21个品牌，签约品牌数量持续稳定增长；2）拓品类：横跨个护、美妆、潮玩、家电等多品类，潮玩类目yoy+172.5%，母婴类目yoy+1157.58%，从新锐到知名、从小众到大众，服务品牌多面开花；3）扩渠道：涵盖15个主流服务平台；抖音合作蒙牛、高姿、FILA等多个品牌，快速链接达人分发、增加趋势品类、和领先MCN机构战略合作，经过多轮迭代能力进一步聚焦；21H1京东GMV增长5460.67%，全域服务能力持续加强,2021-08-29 00:00:00.000,000568.SZ,688793,天风证券,合作
华友钴业,德方纳米,上游资源方面，收购金昆仑建设3万吨碳酸锂和氢氧化锂，和华友钴业等合资在印尼建红土镍矿湿法冶炼项目；中游材料方面，和恩捷合资建16亿平米湿法基膜，和贝特瑞、SKI合资建不超过5万吨高镍三元，和德方纳米合资建10万吨磷酸铁锂,2021-08-29 00:00:00.000,603799.SH,300769.SZ,国盛证券,合作
明阳智能,东方电气,国内高技术附加值风电轴承市场（例如：大功率主轴轴承）长期由外资品牌掌控（例如：SKF、Schaeffler、NSK等），公司突破三排滚子和双列圆锥主轴轴承技术，并已向明阳智能、东方电气、中国海装等客户批量供应，未来进口替代空间可观,2021-08-29 00:00:00.000,601615.SH,600875.SH,东方证券,未知Unknown
中国电信,中兴通讯,我们认为，对于中兴所涉及运营商业务我们应该紧盯“运营商集采规模”和“中兴份额”，中兴运营商业务发展的核心，我们认为主要靠“中兴市场格局与技术水平的提升”，今年我们看到中兴在运营商服务器、路由器和基站等领域持续中标突破，本次中国电信A股上市和中国移动拟A股上市募资将投向云网和5G，中兴通讯有望核心受益,2021-08-29 00:00:00.000,601728,000063.SZ,信达证券,未知Unknown
中信银行,农业银行,21H1，科力普实现收入，31.28，亿元，同比+95.5%，，占总收入比提升至，40.7%，客户开发拓展顺利，成功入围中石化、中国航空工业、中国烟草、国家电网等央企项目，深圳市政府、武汉市政府等政府项目，以及中信银行、农业银行等金融客户项目,2021-08-28 00:00:00.000,601998.SH,601288.SH,天风证券,供应
宁德时代,比亚迪,公司亦是目前国内唯一一家全面进入海外动力电池供应链体系的湿法隔膜供应商，，主要客户包括松下、，LG化学、三星SDI、宁德时代、国轩、比亚迪、孚能、力神等超过20家国内外主流锂电池企业,2021-08-28 00:00:00.000,300750.SZ,002594.SZ,东莞证券,同行
华策影视,姚记科技,"探索“新内容+新消费""产业与新圈层用户共振，持续供应向上精神食粮新秩序下持续履行内容排头兵的使命华策采取“小步快跑”的策略搭建生态与衍生业务,利用自身内容优势与各领域专业公司联手共建开展短视频、红人经纪、消费品品牌、直播电商等合作，华策影视与姚记科技成立合资公司纽泽文化,瞄准影视剧集与消费品、信息流的融合,尝试IP的二次创作及信息流内容变现，连接新的消费模式和消费场景，通过内容驱动，实现IP的塑造深耕和内容的全网渗透，并努力成为新世代用户精神食粮的供给者，用精品内容对话，发挥文化强国新秩序下排头兵的带头效应",2021-08-27 00:00:00.000,300133.SZ,002605.SZ,国海证券,未知Unknown
工商银行,东方通,另一方面金融信创有望加速放量：2020年中国工商银行作为金融行业标杆，安装了东方通OA、声誉风控系统等产品，为全国金融行业信创改革提供示范和重点参考,2021-08-27 00:00:00.000,601398.SH,300379.SZ,华西证券,同行
东方通,工商银行,目前东方通金融客户已经覆盖包括工商银行在内的国有六大行、中国人民银行、银保监会、证监会、部分股份制银行等300多家商业银行,2021-08-27 00:00:00.000,300379.SZ,601398.SH,华西证券,同行
泸州老窖,科大讯飞,2021年公司建立上海BD中心，加快拓客速度，上半年新签30+品牌客户，其中包括泸州老窖、金霸王、高露洁、旗帜等知名品牌，目前仍有20+个品牌待签约，包括科大讯飞、创尔美、飞利浦等品牌，服务领域横跨个护美妆、潮玩、家电等多个品类,2021-08-27 00:00:00.000,000568.SZ,002230.SZ,国元证券,未知Unknown
中际旭创,光迅科技,，参考行业历史估值，自收购苏州旭创后，近，5，年中际旭创，PE（，TTM）在，35-188X；光迅科技，PE（，TTM），37-73X,2021-08-27 00:00:00.000,300308.SZ,002281.SZ,国盛证券,未知Unknown
中国石化,上海石化,以可比公司中国石化和上海石化，2021，年，9.7，倍的，PE，为参考，，并考虑到公司在我国石油石化市场的领先地位，维持“推荐”评级,2021-08-27 00:00:00.000,600028.SH,600688.SH,民生证券,同行
泸州老窖,科大讯飞,品牌客户不断拓展助力公司下半年及明年业绩快速增长：老品牌合作关系稳定、同时增加32个品牌（泸州老窖/金霸王/高露洁等），且即将还有21个品牌签约，如科大讯飞/弥生/红牛/妮维雅/创尔美/飞利浦等，Q2~3签约品牌数量打破历史记录,2021-08-27 00:00:00.000,000568.SZ,002230.SZ,国金证券,同行
北方华创,芯源微,当前全球清洗设备市场由日韩巨头垄断，2018年，DNS、TEL、SEMES、Lam四家厂商占据了90%以上的市场份额，国内有至纯、北方华创、盛美、芯源微四家厂商重点布局,2021-08-26 00:00:00.000,002371.SZ,688037,信达证券,同行
亿纬锂能,孚能科技,公司凭借强大的市场开拓能力，持续与全球280余家汽车厂和电池厂建立废旧电池定向回收合作关系，与亿纬锂能、孚能科技签署循环利用合作协议，联合各方优势，打通直接与新能源电池厂、新能源汽车厂的绿色供应链合作通道，进一步提升公司盈利能力,2021-08-26 00:00:00.000,300014.SZ,688567,西南证券,合作
丽珠集团,浙江医药,，21，年，6月公司，3，款新品密集获批上市，注射用盐酸万古霉素通过仿制药一致性评价，目前该产品国内批准生产企业仅有丽珠集团、浙江正海药业、浙江医药，3，家；苹果酸奈诺沙星氯化钠注射液和左氧氟沙星氯化钠注射液获得药品注册证书，目前大陆境内仅有浙江医药获批苹果酸奈诺沙星氯化钠注射液，而左氧氟沙星氯化钠注射液目前则有，8，家国内生产企业获批,2021-08-26 00:00:00.000,000513.SZ,600216.SH,光大证券,同行
天风证券,中信建投,公司全面加强Light技术平台的能力，加大对金融数据库的投入，计划打造符合行业规范的信创数据库，在极速交易领域引入FPGA技术，公司上班半年发布AI产品3个，新增签约客户30家，新增上线15家，AI文章落地天风证券、中信建投、国联证券等一些头部客户,2021-08-26 00:00:00.000,601162.SH,601066.SH,中国银河,未知Unknown
科大讯飞,北信源,，此外，公司持续完善办公行业生态及产品渠道的建设，完成与科大讯飞、北信源、蓝信、壹人壹本等生态伙伴的产品集成适配工作及战略合作协议签署；在教育行业，，公司正版化业态在高等教育、，K12，教育领域覆盖度不断提升，取得了北京、重庆、广东、广西、河南、河北、新疆、云南等多地教育部门的认可,2021-08-26 00:00:00.000,002230.SZ,300352.SZ,首创证券,合作
科大讯飞,北信源,授权业务高增主要得益于信创业务落地及政企云协作办公服务需求增长，公司针对党政机关推出“公文模式”全面、精准解决用户痛点问题，两会期间提供定制化办公软件文档服务实现无纸化云办公；持续完善办公行业生态及产品渠道建设，完成与科大讯飞、北信源、蓝信、壹人壹本等生态伙伴的产品集成适配工作及战略合作协议签署；通过，WPS+整合旗下全线产品，满足中小企业用户一站式办公服务需求,2021-08-26 00:00:00.000,002230.SZ,300352.SZ,东兴证券,供应
连云港,万华化学,，1）自动化及智能制造解决方案（工业，3.0，业务），项目稳步落地，连云港石化，320，万吨/年轻烃综合加工利用项目等前期定点的重大项目投运；新增项目方面，以中石化海南炼化，100，万吨/年乙烯项目等大型项目居多，规模级别相较以往有显著提升，我们预计，2021，年营收快于流程型行业整体，5%-15%的增速；，2）工业，4.0，业务方面，基于，DCS、工业软件等软硬件设施的“齐套性”和在化工、石化等行业硬件的高渗透率，持续推进中石油广东石化等多个智能工厂项目，与天津石化、万华化学等大客户签署战略协议，全年营收有望保持高增；，3）工业软件围绕石化等优势行业布局，针对部分通用化程度高、数据安全敏感性不高的软件加快SaaS，化，我们预计，2021，年软件数量及营收将随大项目定点增加而提速,2021-08-26 00:00:00.000,601008.SH,600309.SH,东吴证券,同行
东鹏控股,帝欧家居,以可比公司东鹏控股和帝欧家居2021年10.7倍的PE为参考，考虑到公司自建及收购的新产能陆续投放，未来几年业绩有望持续增长，维持“推荐”评级,2021-08-26 00:00:00.000,003012,002798.SZ,民生证券,未知Unknown
健康元,丽珠集团,3）健康元（不含丽珠集团、丽珠单抗）：，实现营收，17.46，亿元，同比增长，11.23%；实现归母净利润约，2.90，亿元，同比增长约，11.06%；实现归母扣非净利润，2.65，亿元，同比增长约，4.35%,2021-08-26 00:00:00.000,600380.SH,000513.SZ,国盛证券,未知Unknown
西部材料,西部超导,西部材料主供钛板、管材（西部超导供棒丝材以避免同业竞争），主要用于导弹、四代机，这是军工高增长的细分赛道,2021-08-26 00:00:00.000,002149.SZ,688122.SH,国盛证券,同行
华海药业,中国医药,，公司目前已有阿斯利康、诺华制药、华海药业、扬子江药业等，2000，余家客户，，与，80%中国医药工业百强企业建立合作关系,2021-08-26 00:00:00.000,600521.SH,600056.SH,天风证券,合作
卫士通,中电科,，卫士通控股股东中国网安是公司实控人中电科集团根据国家安全战略发展需要重点打造的网络安全子集团，，卫士通围绕重要数据和个人信息保护、数据安全流通等数据安全重要方向，重点布局隐私计算，从秘密分享、同态加密等底层密码技术、隐私计算安全产品、数据共享商业模式等多个层面同时推进，打造数据安全合规共享生态,2021-08-26 00:00:00.000,002268.SZ,600877.SH,国盛证券,上级
大族激光,蓝思科技,经过多年发展，公司已服务包括大族激光、领创激光、华工法利莱、蓝思科技等在内的，500，多家国内激光设备制造商客户，，中低功率激光切割控制系统的市占率约，70%，高功率市占率约，17%,2021-08-26 00:00:00.000,002008.SZ,300433.SZ,国元证券,未知Unknown
比亚迪,宁德时代,目前公司负极主要客户为：比亚迪（刀片电池核心供应商）、宁德时代、中航锂电、苏州星恒、，SKI,2021-08-26 00:00:00.000,002594.SZ,300750.SZ,开源证券,供应
长城汽车,比亚迪,受益于智能网联汽车发展，智能网联标杆产品快速商业化落地：公司充分受益于汽车智能化发展，智能座舱、智能驾驶及网联服务产品逐步落地，在智能座舱方面，智能座舱域控制器、大屏化座舱产品、数字化仪表等座舱产品获得一汽丰田、长城汽车、吉利汽车、广汽乘用车、奇瑞汽车、比亚迪等主流车企的新项目订单,2021-08-25 00:00:00.000,601633.SH,002594.SZ,万联证券,同行
宁德时代,亿纬锂能,锂电设备驱动公司中短期高增长2021年初至今，宁德时代、亿纬锂能等国内主要电池企业宣布新建、扩产累计投资超3000亿元，新增规划产能超过845GWh，按照2亿/GWh价值量测算，将产生超过1690亿元锂电设备需求，锂电设备行业增长确定性强,2021-08-25 00:00:00.000,300750.SZ,300014.SZ,民生证券,同行
科大讯飞,北信源,，2）办公行业生态方面：，公司已与科大讯飞、北信源等完成适配并战略合作协议签署；与阿里、腾讯等伙伴共同开拓办公行业服务市场；接入阿里云、华为云等企业级云市场,2021-08-25 00:00:00.000,002230.SZ,300352.SZ,华西证券,合作
宁德时代,比亚迪,公司为锂电设备行业龙头，核心客户包括宁德时代、比亚迪、，Northvolt、，LG、，ATL，等国内外电池巨头，，深度受益行业高景气,2021-08-25 00:00:00.000,300750.SZ,002594.SZ,民生证券,同行
益丰药房,国药一致,相对于近年来行业大型并购项目，益丰药房收购新兴药房、国药一致收购成大方圆的交易市盈率和PS对价分别为24.66/28.34倍；1.43/0.63倍,2021-08-25 00:00:00.000,603939.SH,000028.SZ,光大证券,同行
云铝股份,南山铝业,公司同行业主要可比公司云铝股份、南山铝业，2021，年，wind，一致预测，PE，分别为，13.7X、19.1X，考虑到公司为全球氧化铝龙头，，原铝产能较国内企业大幅领先，龙头公司应享有估值溢价，，首次覆盖，给予“推荐”评级,2021-08-25 00:00:00.000,000807.SZ,600219.SH,民生证券,同行
珀莱雅,人民网,品牌输出了有情绪共鸣的爱情主张，也塑造一个温暖、治愈的品牌形象；6月，珀莱雅推出“致敬每一个去发现的人”高燃混剪片，邀请知名作家郝景芳、人民网一同向每个时代的发现者致敬,2021-08-25 00:00:00.000,603605.SH,603000.SH,中国银河,合作
长安汽车,中国重汽,2021H1已实现长安汽车、广汽、一汽等量产车型的启停电池、辅助电池供货，以及中国重汽、一汽解放等商用车企业蓄电池的配套,2021-08-25 00:00:00.000,000625.SZ,000951.SZ,民生证券,同行
上机数控,京运通,当前，单晶硅片环节呈现大规模的产能扩张，除了隆基、中环、晶科、晶澳等传统的单晶硅片头部企业大幅扩产以外，以上机数控、京运通、环太、高景太阳能为代表的单晶硅片新兴势力也在迅速扩张；与此同时，硅片呈现快速大型化，182/210硅片有望快速成为市场主流，催生老旧硅片产能加快改造的需求；碳碳热场需求有望在较长时间内保持高景气,2021-08-25 00:00:00.000,603185.SH,601908.SH,平安证券,同行
舍得酒业,金徽酒,两瓶酒业绩优异，公司持股的舍得酒业和金徽酒上半年分别实现7.35亿元和1.87亿元归母净利，同比大增348%和56%，助力公司利润增厚,2021-08-25 00:00:00.000,600702.SH,603919.SH,东兴证券,未知Unknown
金风科技,明阳智能,原材料价格及风电单GW招标价格企稳，行业需求稳步增长，下游风机制造商进入盈利修复期，2020上半年金风科技实现净利率10.61%，同比增长3.97pct，实现2018年以来首次增长；明阳智能实现净利率9.10%，同比增长2.84pct,2021-08-25 00:00:00.000,002202.SZ,601615.SH,华安证券,未知Unknown
三一重工,中国重汽,，公司自，2009年成立以来便深耕商用车的智能网联领域，，成功将智能增强系统等产品从客车逐步推广至货车、渣土车、工程机械车等车型，主要客户包括了苏州金龙以及重卡行业前五大整车厂的四家企业，，且是陕汽和北汽福田的第一供货商；凭借优质产品力，公司前装业务占比已超过，85%，并持续拓展客户渠道资源至三一重工、中国重汽等，为公司的业务扩张打下坚实基础,2021-08-25 00:00:00.000,600031,000951.SZ,西南证券,供应
卓胜微,长电科技,公司加大集成电路领域业务拓展，与北京集电（12，寸晶圆制造）、卓胜微（射频，SAW，滤波器芯片和射频模组）、格科微（12，寸图像传感器芯片）、长电科技（先进封装）等各领域领先企业开展项目合作，集成电路领域收入占营业收入总额比重从上年同期的，10.85%，增长至43.44%,2021-08-25 00:00:00.000,300782.SZ,600584.SH,天风证券,合作
长城汽车,比亚迪,，1）在智能座舱方面，智能座舱域控制器、大屏化座舱产品、数字化仪表等座舱产品获得一汽丰田、长城汽车、吉利汽车、广汽乘用车、奇瑞汽车、比亚迪等主流车企的新项目订单；，2）在智能驾驶方面，公司的全自动泊车、，360，度高清环视等，ADAS，产品持续获得国内主流车企的新项目订单，代客泊车产品即将在多家主流车厂客户的新车型上配套量产，基于全面技术优势、融合高低速场景的自动驾驶辅助系统已获得项目定点，可实现，L4，级别功能的高级自动驾驶域控制器产品—IPU04，已获多个项目定点；，3），在智能网联方面，网联服务业务座舱安全管家获得主流日系车厂定点，蓝鲸，OS4.0、智能进入软件等产品获得前装量产订单,2021-08-25 00:00:00.000,601633.SH,002594.SZ,华金证券,同行
三川智慧,新天科技,，目前国内智能水表市场产品仍以智能机械水表为主，龙头企业有宁水集团、三川智慧、新天科技等,2021-08-25 00:00:00.000,300066.SZ,300259.SZ,国盛证券,同行
杭叉集团,安徽合力,杭叉集团销量略少于安徽合力，归母净利润实现增长，但毛利率也由2020年的20.35%下滑至18.59%,2021-08-24 00:00:00.000,603298.SH,600761.SH,首创证券,未知Unknown
维信诺,京东方,公司下游客户需求稳定，与维信诺集团、，TCL，华星集团、京东方等知名，OLED，下游面板生产企业保持良好的合作关系，且计划总投资，6亿元建设“年产，10，吨，AMOLED，用高性能发光材料项目”以扩充产能,2021-08-24 00:00:00.000,002387.SZ,000725.SZ,光大证券,合作
宁德时代,比亚迪,公司依托上游钴镍资源和有色湿法冶炼，持续向下拓展三元前驱体和三元正极，目前已经处于快速放量阶段，三元前驱体已经进入到LG化学、SK、宁德时代、比亚迪等全球头部动力电池的核心产业链；三元正极业务已经收购天津巴莫核心股权并开启产能扩张,2021-08-24 00:00:00.000,300750.SZ,002594.SZ,东方证券,同行
长城汽车,比亚迪,公司智能驾驶产品获得理想汽车、小鹏汽车、蔚来汽车、一汽红旗、吉利汽车、奇瑞汽车、广汽乘用车等客户的新项目订单，智能座舱域控制器、大屏化座舱产品、数字化仪表等座舱产品获得一汽丰田、长城汽车、吉利汽车、广汽乘用车、奇瑞汽车、比亚迪等主流车企的新项目订单,2021-08-24 00:00:00.000,601633.SH,002594.SZ,中国银河,供应
中国联通,中国电信,IDC，业务逐步起量，下半年和明年业绩仍有看点：，机房温控方面，公司绑定运营商大客户，同时积极拓展第三方和云计算客户，公司上半年中标了中国移动、中国联通、中国电信、世纪互联、百度云等客户机房及一体化产品相关项目，，2021，上半年在手订单含税达，5.29，亿元，具备长足的发展潜力；，IDC，方面，公司总体进展稳健，下半年一期项目有望贡献部分收入，，2022，年起公司，IDC，机柜有望批量交付，给，2022，年业绩带来较大提振,2021-08-24 00:00:00.000,600050.SH,601728,东吴证券,未知Unknown
